"Path","Slice Name","Alias(s)","Label","Min","Max","Must Support?","Is Modifier?","Is Summary?","Type(s)","Short","Definition","Comments","Requirements","Default Value","Meaning When Missing","Fixed Value","Pattern","Example","Minimum Value","Maximum Value","Maximum Length","Binding Strength","Binding Description","Binding Value Set","Code","Slicing Discriminator","Slicing Description","Slicing Ordered","Slicing Rules","Base Path","Base Min","Base Max","Condition(s)","Constraint(s)","Mapping: HL7 v2 Mapping","Mapping: RIM Mapping","Mapping: ServD","Mapping: FiveWs Pattern Mapping","Mapping: UKF Mapping"
"Practitioner","","","",0,*,"","","","","A person with a  formal responsibility in the provisioning of healthcare or related services","A person who is directly or indirectly involved in the provisioning of healthcare.","","","","","","","","","",,,,,"",,,,"Practitioner",0,*,"","dom-2:If the resource is contained in another resource, it SHALL NOT contain nested Resources {contained.contained.empty()}
dom-3:If the resource is contained in another resource, it SHALL be referred to from elsewhere in the resource or SHALL refer to the containing resource {contained.where((('#'+id in (%resource.descendants().reference | %resource.descendants().as(canonical) | %resource.descendants().as(uri) | %resource.descendants().as(url))) or descendants().where(reference = '#').exists() or descendants().where(as(canonical) = '#').exists() or descendants().where(as(canonical) = '#').exists()).not()).trace('unmatched', id).empty()}dom-4:If a resource is contained in another resource, it SHALL NOT have a meta.versionId or a meta.lastUpdated {contained.meta.versionId.empty() and contained.meta.lastUpdated.empty()}dom-5:If a resource is contained in another resource, it SHALL NOT have a security label {contained.meta.security.empty()}dom-6:A resource should have narrative for robust management {text.`div`.exists()}","PRD (as one example)","Entity. Role, or Act","Role","Provider"
"Practitioner.id","","","",0,1,"Y","","Y","string {[]} {[]}
","Logical id of this artifact","The logical id of the resource, as used in the URL for the resource. Once assigned, this value never changes.","The only time that a resource does not have an id is when it is being submitted to the server using a create operation.","","","","","","","","",,,,,"",,,,"Resource.id",0,1,"",""
"Practitioner.meta","","","",0,1,"Y","","Y","Meta {[]} {[]}
","Metadata about the resource","The metadata about the resource. This is content that is maintained by the infrastructure. Changes to the content might not always be associated with version changes to the resource.","","","","","","","","","",,,,,"",,,,"Resource.meta",0,1,"","ele-1:All FHIR elements must have a @value or children {hasValue() or (children().count() > id.count())}
"
"Practitioner.meta.id","","","",0,1,"","","","string {[]} {[]}
","Unique id for inter-element referencing","Unique id for the element within a resource (for internal references). This may be any string value that does not contain spaces.","","","","","","","","","",,,,,"",,,,"Element.id",0,1,"","","n/a"
"Practitioner.meta.extension","","extensions
user content","",0,*,"","","","Extension {[]} {[]}
","Additional content defined by implementations","May be used to represent additional information that is not part of the basic definition of the element. To make the use of extensions safe and manageable, there is a strict set of governance  applied to the definition and use of extensions. Though any implementer can define an extension, there is a set of requirements that SHALL be met as part of the definition of the extension.","There can be no stigma associated with the use of extensions by any application, project, or standard - regardless of the institution or jurisdiction that uses or defines the extensions.  The use of extensions is what allows the FHIR specification to retain a core level of simplicity for everyone.","","","","","","","","",,,,,"","value:url}
","Extensions are always sliced by (at least) url",,"open","Element.extension",0,*,"","ele-1:All FHIR elements must have a @value or children {hasValue() or (children().count() > id.count())}
ext-1:Must have either extensions or value[x], not both {extension.exists() != value.exists()}","n/a"
"Practitioner.meta.versionId","","","",0,1,"","","Y","id {[]} {[]}
","Version specific identifier","The version specific identifier, as it appears in the version portion of the URL. This value changes when the resource is created, updated, or deleted.","The server assigns this value, and ignores what the client specifies, except in the case that the server is imposing version integrity on updates/deletes.","","","","","","","","",,,,,"",,,,"Meta.versionId",0,1,"","ele-1:All FHIR elements must have a @value or children {hasValue() or (children().count() > id.count())}
"
"Practitioner.meta.lastUpdated","","","",0,1,"","","Y","instant {[]} {[]}
","When the resource version last changed","When the resource last changed - e.g. when the version changed.","This value is always populated except when the resource is first being created. The server / resource manager sets this value; what a client provides is irrelevant. This is equivalent to the HTTP Last-Modified and SHOULD have the same value on a [read](http://hl7.org/fhir/R4/http.html#read) interaction.","","","","","","","","",,,,,"",,,,"Meta.lastUpdated",0,1,"","ele-1:All FHIR elements must have a @value or children {hasValue() or (children().count() > id.count())}
"
"Practitioner.meta.source","","","",0,1,"","","Y","uri {[]} {[]}
","Identifies where the resource comes from","A uri that identifies the source system of the resource. This provides a minimal amount of [Provenance](http://hl7.org/fhir/R4/provenance.html#) information that can be used to track or differentiate the source of information in the resource. The source may identify another FHIR server, document, message, database, etc.","In the provenance resource, this corresponds to Provenance.entity.what[x]. The exact use of the source (and the implied Provenance.entity.role) is left to implementer discretion. Only one nominated source is allowed; for additional provenance details, a full Provenance resource should be used. 

This element can be used to indicate where the current master source of a resource that has a canonical URL if the resource is no longer hosted at the canonical URL.","","","","","","","","",,,,,"",,,,"Meta.source",0,1,"","ele-1:All FHIR elements must have a @value or children {hasValue() or (children().count() > id.count())}
"
"Practitioner.meta.profile","","","",0,*,"Y","","Y","canonical {[]} {[CanonicalType[http://hl7.org/fhir/StructureDefinition/StructureDefinition]]}
","Profiles this resource claims to conform to","A list of profiles (references to [StructureDefinition](http://hl7.org/fhir/R4/structuredefinition.html#) resources) that this resource claims to conform to. The URL is a reference to [StructureDefinition.url](http://hl7.org/fhir/R4/structuredefinition-definitions.html#StructureDefinition.url).","It is up to the server and/or other infrastructure of policy to determine whether/how these claims are verified and/or updated over time.  The list of profile URLs is a set.","","","","","","","","",,,,,"",,,,"Meta.profile",0,*,"","ele-1:All FHIR elements must have a @value or children {hasValue() or (children().count() > id.count())}
"
"Practitioner.meta.security","","","",0,*,"","","Y","Coding {[]} {[]}
","Security Labels applied to this resource","Security labels applied to this resource. These tags connect specific resources to the overall security policy and infrastructure.","The security labels can be updated without changing the stated version of the resource. The list of security labels is a set. Uniqueness is based the system/code, and version and display are ignored.","","","","","","","","",,"extensible","Security Labels from the Healthcare Privacy and Security Classification System.","http://hl7.org/fhir/ValueSet/security-labels","",,,,"Meta.security",0,*,"","ele-1:All FHIR elements must have a @value or children {hasValue() or (children().count() > id.count())}
"
"Practitioner.meta.tag","","","",0,*,"","","Y","Coding {[]} {[]}
","Tags applied to this resource","Tags applied to this resource. Tags are intended to be used to identify and relate resources to process and workflow, and applications are not required to consider the tags when interpreting the meaning of a resource.","The tags can be updated without changing the stated version of the resource. The list of tags is a set. Uniqueness is based the system/code, and version and display are ignored.","","","","","","","","",,"example","Codes that represent various types of tags, commonly workflow-related; e.g. ""Needs review by Dr. Jones"".","http://hl7.org/fhir/ValueSet/common-tags","",,,,"Meta.tag",0,*,"","ele-1:All FHIR elements must have a @value or children {hasValue() or (children().count() > id.count())}
"
"Practitioner.implicitRules","","","",0,1,"","Y","Y","uri {[]} {[]}
","A set of rules under which this content was created","A reference to a set of rules that were followed when the resource was constructed, and which must be understood when processing the content. Often, this is a reference to an implementation guide that defines the special rules along with other profiles etc.","Asserting this rule set restricts the content to be only understood by a limited set of trading partners. This inherently limits the usefulness of the data in the long term. However, the existing health eco-system is highly fractured, and not yet ready to define, collect, and exchange data in a generally computable sense. Wherever possible, implementers and/or specification writers should avoid using this element. Often, when used, the URL is a reference to an implementation guide that defines these special rules as part of it's narrative along with other profiles, value sets, etc.","","","","","","","","",,,,,"",,,,"Resource.implicitRules",0,1,"","ele-1:All FHIR elements must have a @value or children {hasValue() or (children().count() > id.count())}
"
"Practitioner.language","","","",0,1,"","","","code {[]} {[]}
","Language of the resource content","The base language in which the resource is written.","Language is provided to support indexing and accessibility (typically, services such as text to speech use the language tag). The html language tag in the narrative applies  to the narrative. The language tag on the resource may be used to specify the language of other presentations generated from the data in the resource. Not all the content has to be in the base language. The Resource.language should not be assumed to apply to the narrative automatically. If a language is specified, it should it also be specified on the div element in the html (see rules in HTML5 for information about the relationship between xml:lang and the html lang attribute).","","","","","","","","",,"preferred","A human language.","http://hl7.org/fhir/ValueSet/languages","",,,,"Resource.language",0,1,"","ele-1:All FHIR elements must have a @value or children {hasValue() or (children().count() > id.count())}
"
"Practitioner.text","","narrative
htmlxhtmldisplay","",0,1,"","","","Narrative {[]} {[]}
","Text summary of the resource, for human interpretation","A human-readable narrative that contains a summary of the resource and can be used to represent the content of the resource to a human. The narrative need not encode all the structured data, but is required to contain sufficient detail to make it ""clinically safe"" for a human to just read the narrative. Resource definitions may define what content should be represented in the narrative to ensure clinical safety.","Contained resources do not have narrative. Resources that are not contained SHOULD have a narrative. In some cases, a resource may only have text with little or no additional discrete data (as long as all minOccurs=1 elements are satisfied).  This may be necessary for data from legacy systems where information is captured as a ""text blob"" or where text is additionally entered raw or narrated and encoded information is added later.","","","","","","","","",,,,,"",,,,"DomainResource.text",0,1,"","ele-1:All FHIR elements must have a @value or children {hasValue() or (children().count() > id.count())}
","Act.text?"
"Practitioner.contained","","inline resources
anonymous resourcescontained resources","",0,*,"","","","Resource {[]} {[]}
","Contained, inline Resources","These resources do not have an independent existence apart from the resource that contains them - they cannot be identified independently, and nor can they have their own independent transaction scope.","This should never be done when the content can be identified properly, as once identification is lost, it is extremely difficult (and context dependent) to restore it again. Contained resources may have profiles and tags In their meta elements, but SHALL NOT have security labels.","","","","","","","","",,,,,"",,,,"DomainResource.contained",0,*,"","","N/A"
"Practitioner.extension","","extensions
user content","",0,*,"","","","Extension {[]} {[]}
","Additional content defined by implementations","May be used to represent additional information that is not part of the basic definition of the resource. To make the use of extensions safe and manageable, there is a strict set of governance  applied to the definition and use of extensions. Though any implementer can define an extension, there is a set of requirements that SHALL be met as part of the definition of the extension.","There can be no stigma associated with the use of extensions by any application, project, or standard - regardless of the institution or jurisdiction that uses or defines the extensions.  The use of extensions is what allows the FHIR specification to retain a core level of simplicity for everyone.","","","","","","","","",,,,,"",,,,"DomainResource.extension",0,*,"","ele-1:All FHIR elements must have a @value or children {hasValue() or (children().count() > id.count())}
ext-1:Must have either extensions or value[x], not both {extension.exists() != value.exists()}","N/A"
"Practitioner.modifierExtension","","extensions
user content","",0,*,"","Y","","Extension {[]} {[]}
","Extensions that cannot be ignored","May be used to represent additional information that is not part of the basic definition of the resource and that modifies the understanding of the element that contains it and/or the understanding of the containing element's descendants. Usually modifier elements provide negation or qualification. To make the use of extensions safe and manageable, there is a strict set of governance applied to the definition and use of extensions. Though any implementer is allowed to define an extension, there is a set of requirements that SHALL be met as part of the definition of the extension. Applications processing a resource are required to check for modifier extensions.

Modifier extensions SHALL NOT change the meaning of any elements on Resource or DomainResource (including cannot change the meaning of modifierExtension itself).","There can be no stigma associated with the use of extensions by any application, project, or standard - regardless of the institution or jurisdiction that uses or defines the extensions.  The use of extensions is what allows the FHIR specification to retain a core level of simplicity for everyone.","Modifier extensions allow for extensions that *cannot* be safely ignored to be clearly distinguished from the vast majority of extensions which can be safely ignored.  This promotes interoperability by eliminating the need for implementers to prohibit the presence of extensions. For further information, see the [definition of modifier extensions](http://hl7.org/fhir/R4/extensibility.html#modifierExtension).","","","","","","","",,,,,"",,,,"DomainResource.modifierExtension",0,*,"","ele-1:All FHIR elements must have a @value or children {hasValue() or (children().count() > id.count())}
ext-1:Must have either extensions or value[x], not both {extension.exists() != value.exists()}","N/A"
"Practitioner.identifier","","","",1,*,"Y","","Y","Identifier {[]} {[]}
","An identifier for the person as this agent","An identifier that applies to this person in this role.","","Often, specific identities are assigned for the agent.","","","","","","","",,,,,"","pattern:$this}
","",,"open","Practitioner.identifier",0,*,"","ele-1:All FHIR elements must have a @value or children {hasValue() or (children().count() > id.count())}
","PRD-7 (or XCN.1)","./id","./Identifiers","FiveWs.identifier"
"Practitioner.identifier","lanr","","",1,1,"","","","Identifier {[CanonicalType[http://fhir.de/StructureDefinition/identifier-lanr]]} {[]}
","An identifier intended for computation","An identifier - identifies some entity uniquely and unambiguously. Typically this is used for business identifiers.","","Often, specific identities are assigned for the agent.","","","","<valueIdentifier xmlns=""http://hl7.org/fhir"">
  <type>
    <coding>
      <system value=""http://terminology.hl7.org/CodeSystem/v2-0203""/>
      <code value=""LANR""/>
    </coding>
  </type>
</valueIdentifier>","","","",,,,,"",,,,"Practitioner.identifier",0,*,"ele-1
","ele-1:All FHIR elements must have a @value or children {hasValue() or (children().count() > id.count())}
","CX / EI (occasionally, more often EI maps to a resource id or a URL)","n/a","II - The Identifier class is a little looser than the v3 type II because it allows URIs as well as registered OIDs or GUIDs.  Also maps to Role[classCode=IDENT]","Identifier"
"Practitioner.active","","","",0,1,"","","Y","boolean {[]} {[]}
","Whether this practitioner's record is in active use","Whether this practitioner's record is in active use.","If the practitioner is not in use by one organization, then it should mark the period on the PractitonerRole with an end date (even if they are active) as they may be active in another role.","Need to be able to mark a practitioner record as not to be used because it was created in error.","","This resource is generally assumed to be active if no value is provided for the active element","","","","","",,,,,"",,,,"Practitioner.active",0,1,"","ele-1:All FHIR elements must have a @value or children {hasValue() or (children().count() > id.count())}
","./statusCode","FiveWs.status"
"Practitioner.name","","","",0,*,"Y","","","HumanName {[CanonicalType[http://fhir.de/StructureDefinition/humanname-de-basis]]} {[]}
","Personenname","Personenname mit in Deutschland üblichen Erweiterungen","Names may be changed, or repudiated, or people may have different names in different contexts. Names may be divided into parts of different type that have variable significance depending on context, though the division into parts does not always matter. With personal names, the different parts may or may not be imbued with some implicit meaning; various cultures associate different importance with the name parts and the degree to which systems must care about name parts around the world varies widely.","The name(s) that a Practitioner is known by. Where there are multiple, the name that the practitioner is usually known as should be used in the display.","","","","","","","",,,,,"",,,,"Practitioner.name",0,*,"ele-1
","ele-1:All FHIR elements must have a @value or children {hasValue() or (children().count() > id.count())}
hum-1:Wenn die Extension 'namenszusatz' verwendet wird, dann muss der vollständige Name im Attribut 'family' angegeben werden {family.extension('http://fhir.de/StructureDefinition/humanname-namenszusatz').empty() or family.hasValue()}hum-2:Wenn die Extension 'nachname' verwendet wird, dann muss der vollständige Name im Attribut 'family' angegeben werden {family.extension('http://hl7.org/fhir/StructureDefinition/humanname-own-name').empty() or family.hasValue()}hum-3:Wenn die Extension 'vorsatzwort' verwendet wird, dann muss der vollständige Name im Attribut 'family' angegeben werden {family.extension('http://hl7.org/fhir/StructureDefinition/humanname-own-prefix').empty() or family.hasValue()}hum-4:Wenn die Extension 'prefix-qualifier' verwendet wird, dann muss ein Namenspräfix im Attribut 'prefix' angegeben werden {prefix.all($this.extension('http://hl7.org/fhir/StructureDefinition/iso21090-EN-qualifier').empty() or $this.hasValue())}","XPN","n/a","EN (actually, PN)","ProviderName"
"Practitioner.name.id","","","",0,1,"","","","string {[]} {[]}
","Unique id for inter-element referencing","Unique id for the element within a resource (for internal references). This may be any string value that does not contain spaces.","","","","","","","","","",,,,,"",,,,"Element.id",0,1,"","","n/a"
"Practitioner.name.extension","","extensions
user content","",0,*,"","","","Extension {[]} {[]}
","Additional content defined by implementations","May be used to represent additional information that is not part of the basic definition of the element. To make the use of extensions safe and manageable, there is a strict set of governance  applied to the definition and use of extensions. Though any implementer can define an extension, there is a set of requirements that SHALL be met as part of the definition of the extension.","There can be no stigma associated with the use of extensions by any application, project, or standard - regardless of the institution or jurisdiction that uses or defines the extensions.  The use of extensions is what allows the FHIR specification to retain a core level of simplicity for everyone.","","","","","","","","",,,,,"","value:url}
","Extensions are always sliced by (at least) url",,"open","Element.extension",0,*,"ele-1
","ele-1:All FHIR elements must have a @value or children {hasValue() or (children().count() > id.count())}
ext-1:Must have either extensions or value[x], not both {extension.exists() != value.exists()}","n/a","N/A"
"Practitioner.name.use","","","",0,1,"","Y","Y","code {[]} {[]}
","usual | official | temp | nickname | anonymous | old | maiden","Identifies the purpose for this name.","Applications can assume that a name is current unless it explicitly says that it is temporary or old.","Allows the appropriate name for a particular context of use to be selected from among a set of names.","","","","","","","",,"required","The use of a human name.","http://hl7.org/fhir/ValueSet/name-use|4.0.1","",,,,"HumanName.use",0,1,"ele-1
","ele-1:All FHIR elements must have a @value or children {hasValue() or (children().count() > id.count())}
","XPN.7, but often indicated by which field contains the name","n/a","unique(./use)","./NamePurpose"
"Practitioner.name.text","","","",1,1,"Y","","Y","string {[]} {[]}
","Text representation of the full name","Specifies the entire name as it should be displayed e.g. on an application UI. This may be provided instead of or as well as the specific parts.","Can provide both a text representation and parts. Applications updating a name SHALL ensure that when both text and parts are present,  no content is included in the text that isn't found in a part.","A renderable, unencoded form.","","","","","","","",,,,,"",,,,"HumanName.text",0,1,"ele-1
","ele-1:All FHIR elements must have a @value or children {hasValue() or (children().count() > id.count())}
","implied by XPN.11","n/a","./formatted"
"Practitioner.name.family","","surname
","",0,1,"","","Y","string {[]} {[]}
","Familienname","Der vollständige Familienname, einschließlich aller Vorsatz- und Zusatzwörter, mit Leerzeichen getrennt.","Family Name may be decomposed into specific parts using extensions (de, nl, es related cultures).","","","","","","","","",,,,,"",,,,"HumanName.family",0,1,"ele-1
","ele-1:All FHIR elements must have a @value or children {hasValue() or (children().count() > id.count())}
","XPN.1/FN.1","n/a","./part[partType = FAM]","./FamilyName"
"Practitioner.name.family.id","","","",0,1,"","","","string {[]} {[]}
","Unique id for inter-element referencing","Unique id for the element within a resource (for internal references). This may be any string value that does not contain spaces.","","","","","","","","","",,,,,"",,,,"Element.id",0,1,"","","n/a"
"Practitioner.name.family.extension","","extensions
user content","",0,*,"","","","Extension {[]} {[]}
","Additional content defined by implementations","May be used to represent additional information that is not part of the basic definition of the element. To make the use of extensions safe and manageable, there is a strict set of governance  applied to the definition and use of extensions. Though any implementer can define an extension, there is a set of requirements that SHALL be met as part of the definition of the extension.","There can be no stigma associated with the use of extensions by any application, project, or standard - regardless of the institution or jurisdiction that uses or defines the extensions.  The use of extensions is what allows the FHIR specification to retain a core level of simplicity for everyone.","","","","","","","","",,,,,"","value:url}
","Extensions are always sliced by (at least) url",,"open","Element.extension",0,*,"ele-1
","ele-1:All FHIR elements must have a @value or children {hasValue() or (children().count() > id.count())}
ext-1:Must have either extensions or value[x], not both {extension.exists() != value.exists()}","n/a","N/A"
"Practitioner.name.family.extension","namenszusatz","extensions
user content","",0,1,"","","","Extension {[CanonicalType[http://fhir.de/StructureDefinition/humanname-namenszusatz]]} {[]}
","Namenszusatz gemäß VSDM (Versichertenstammdatenmanagement, ""eGK"")","Namenszusatz als Bestandteil das Nachnamens, wie in VSDM (Versichertenstammdatenmanagement, ""eGK"") definiert.
Beispiele: Gräfin, Prinz oder Fürst","Die Extension wurde erstellt aufgrund der Anforderung, die auf der eGK vorhandenen Patientenstammdaten in FHIR abbilden zu können. Auf der eGK werden die Namensbestandteile ""Namenszusatz"" und ""Vorsatzwort"" getrennt vom Nachnamen gespeichert. Anhand der Liste der zulässigen Namenszusätze ist deutlich erkennbar, dass es sich hierbei sinngemäß um Adelstitel handelt.
Das Vorsatzwort kann durch die Core-Extension own-prefix (Canonical: http://hl7.org/fhir/StructureDefinition/humanname-own-prefix) abgebildet werden, für den Namenszusatz ergibt sich jedoch die Notwendikeit einer nationalen Extension, da in andern Ländern Adelstitel entweder gar nicht oder als reguläres Namenspräfix erfasst werden.","","","","","","","","",,,,,"",,,,"Element.extension",0,*,"ele-1
","ele-1:All FHIR elements must have a @value or children {hasValue() or (children().count() > id.count())}
ext-1:Must have either extensions or value[x], not both {extension.exists() != value.exists()}","n/a","N/A"
"Practitioner.name.family.extension","nachname","extensions
user content","",0,1,"","","","Extension {[CanonicalType[http://hl7.org/fhir/StructureDefinition/humanname-own-name]]} {[]}
","Nachname ohne Vor- und Zusätze","Nachname ohne Vor- und Zusätze.
Dient z.B. der alphabetischen Einordnung des Namens.","If the person's surname has legally changed to become (or incorporate) the surname of the person's partner or spouse, this is the person's surname immediately prior to such change. Often this is the person's ""maiden name"".","","","","","","","","",,,,,"",,,,"Element.extension",0,*,"ele-1
","ele-1:All FHIR elements must have a @value or children {hasValue() or (children().count() > id.count())}
ext-1:Must have either extensions or value[x], not both {extension.exists() != value.exists()}","FN.3","n/a","N/A","ENXP where Qualifiers = (BR)"
"Practitioner.name.family.extension","vorsatzwort","extensions
user content","",0,1,"","","","Extension {[CanonicalType[http://hl7.org/fhir/StructureDefinition/humanname-own-prefix]]} {[]}
","Vorsatzwort","Vorsatzwort wie z.B.: von, van, zu
Vgl. auch VSDM-Spezifikation der Gematik (Versichertenstammdatenmanagement, ""eGK"")","An example of a voorvoegsel is the ""van"" in ""Ludwig van Beethoven"". Since the voorvoegsel doesn't sort completely alphabetically, it is reasonable to specify it as a separate sub-component.","","","","","","","","",,,,,"",,,,"Element.extension",0,*,"ele-1
","ele-1:All FHIR elements must have a @value or children {hasValue() or (children().count() > id.count())}
ext-1:Must have either extensions or value[x], not both {extension.exists() != value.exists()}","FN.2","n/a","N/A","ENXP where Qualifiers = (VV, R)"
"Practitioner.name.family.value","","","",0,1,"","","","string {[]} {[]}
","Primitive value for string","Primitive value for string","","","","","","","","","",1048576,,,,"",,,,"string.value",0,1,"",""
"Practitioner.name.given","","first name
middle name","",0,*,"","","Y","string {[]} {[]}
","Vorname","Vorname der Person","If only initials are recorded, they may be used in place of the full name parts. Initials may be separated into multiple given names but often aren't due to paractical limitations.  This element is not called ""first name"" since given names do not always come first.","","","","","","","","",,,,,"",,,,"HumanName.given",0,*,"ele-1
","ele-1:All FHIR elements must have a @value or children {hasValue() or (children().count() > id.count())}
","XPN.2 + XPN.3","n/a","./part[partType = GIV]","./GivenNames"
"Practitioner.name.prefix","","","",0,*,"","","Y","string {[]} {[]}
","Namensteile vor dem Vornamen","Namensteile vor dem Vornamen, z.B. akademischer Titel.","Note that FHIR strings SHALL NOT exceed 1MB in size","","","","","","","","",,,,,"",,,,"HumanName.prefix",0,*,"ele-1
","ele-1:All FHIR elements must have a @value or children {hasValue() or (children().count() > id.count())}
","XPN.5","n/a","./part[partType = PFX]","./TitleCode"
"Practitioner.name.prefix.id","","","",0,1,"","","","string {[]} {[]}
","Unique id for inter-element referencing","Unique id for the element within a resource (for internal references). This may be any string value that does not contain spaces.","","","","","","","","","",,,,,"",,,,"Element.id",0,1,"","","n/a"
"Practitioner.name.prefix.extension","","extensions
user content","",0,*,"","","","Extension {[]} {[]}
","Additional content defined by implementations","May be used to represent additional information that is not part of the basic definition of the element. To make the use of extensions safe and manageable, there is a strict set of governance  applied to the definition and use of extensions. Though any implementer can define an extension, there is a set of requirements that SHALL be met as part of the definition of the extension.","There can be no stigma associated with the use of extensions by any application, project, or standard - regardless of the institution or jurisdiction that uses or defines the extensions.  The use of extensions is what allows the FHIR specification to retain a core level of simplicity for everyone.","","","","","","","","",,,,,"","value:url}
","Extensions are always sliced by (at least) url",,"open","Element.extension",0,*,"ele-1
","ele-1:All FHIR elements must have a @value or children {hasValue() or (children().count() > id.count())}
ext-1:Must have either extensions or value[x], not both {extension.exists() != value.exists()}","n/a","N/A"
"Practitioner.name.prefix.extension","prefix-qualifier","extensions
user content","",0,*,"","","","Extension {[CanonicalType[http://hl7.org/fhir/StructureDefinition/iso21090-EN-qualifier]]} {[]}
","LS | AC | NB | PR | HON | BR | AD | SP | MID | CL | IN | VV","Spezialisierung der Art des Präfixes, z.B. ""AC"" für Akademische Titel","Used to indicate additional information about the name part and how it should be used.","","","","","","","","",,,,,"",,,,"Element.extension",0,*,"ele-1
","ele-1:All FHIR elements must have a @value or children {hasValue() or (children().count() > id.count())}
ext-1:Must have either extensions or value[x], not both {extension.exists() != value.exists()}","n/a","N/A","ENXP.qualifier"
"Practitioner.name.prefix.value","","","",0,1,"","","","string {[]} {[]}
","Primitive value for string","Primitive value for string","","","","","","","","","",1048576,,,,"",,,,"string.value",0,1,"",""
"Practitioner.name.suffix","","","",0,*,"","","Y","string {[]} {[]}
","Namensteile nach dem Nachnamen","Namensteile nach dem Nachnamen","Note that FHIR strings SHALL NOT exceed 1MB in size","","","","","","","","",,,,,"",,,,"HumanName.suffix",0,*,"ele-1
","ele-1:All FHIR elements must have a @value or children {hasValue() or (children().count() > id.count())}
","XPN/4","n/a","./part[partType = SFX]"
"Practitioner.name.period","","","",0,1,"","","Y","Period {[]} {[]}
","Time period when name was/is in use","Indicates the period of time when this name was valid for the named person.","A Period specifies a range of time; the context of use will specify whether the entire range applies (e.g. ""the patient was an inpatient of the hospital for this time range"") or one value from the range applies (e.g. ""give to the patient between these two times"").

Period is not used for a duration (a measure of elapsed time). See [Duration](http://hl7.org/fhir/R4/datatypes.html#Duration).","Allows names to be placed in historical context.","","","","","","","",,,,,"",,,,"HumanName.period",0,1,"ele-1
","ele-1:All FHIR elements must have a @value or children {hasValue() or (children().count() > id.count())}
per-1:If present, start SHALL have a lower value than end {start.hasValue().not() or end.hasValue().not() or (start <= end)}","DR","XPN.13 + XPN.14","n/a","IVL<TS>[lowClosed=""true"" and highClosed=""true""] or URG<TS>[lowClosed=""true"" and highClosed=""true""]","./usablePeriod[type=""IVL<TS>""]","./StartDate and ./EndDate"
"Practitioner.telecom","","","",0,*,"","","Y","ContactPoint {[]} {[]}
","A contact detail for the practitioner (that apply to all roles)","A contact detail for the practitioner, e.g. a telephone number or an email address.","Person may have multiple ways to be contacted with different uses or applicable periods.  May need to have options for contacting the person urgently and to help with identification.  These typically will have home numbers, or mobile numbers that are not role specific.","Need to know how to reach a practitioner independent to any roles the practitioner may have.","","","","","","","",,,,,"",,,,"Practitioner.telecom",0,*,"","ele-1:All FHIR elements must have a @value or children {hasValue() or (children().count() > id.count())}
","PRT-15, STF-10, ROL-12","./telecom","./ContactPoints"
"Practitioner.address","","","",0,*,"","","Y","Address {[]} {[]}
","Address(es) of the practitioner that are not role specific (typically home address)","Address(es) of the practitioner that are not role specific (typically home address). Work addresses are not typically entered in this property as they are usually role dependent.","The PractitionerRole does not have an address value on it, as it is expected that the location property be used for this purpose (which has an address).","The home/mailing address of the practitioner is often required for employee administration purposes, and also for some rostering services where the start point (practitioners home) can be used in calculations.","","","","","","","",,,,,"",,,,"Practitioner.address",0,*,"","ele-1:All FHIR elements must have a @value or children {hasValue() or (children().count() > id.count())}
","ORC-24, STF-11, ROL-11, PRT-14","./addr","./Addresses"
"Practitioner.gender","","","",0,1,"","","Y","code {[]} {[]}
","male | female | other | unknown","Administrative Gender - the gender that the person is considered to have for administration and record keeping purposes.","","Needed to address the person correctly.","","","","","","","",,"required","The gender of a person used for administrative purposes.","http://hl7.org/fhir/ValueSet/administrative-gender|4.0.1","",,,,"Practitioner.gender",0,1,"","ele-1:All FHIR elements must have a @value or children {hasValue() or (children().count() > id.count())}
","STF-5","./administrativeGender","./GenderCode"
"Practitioner.birthDate","","","",0,1,"","","Y","date {[]} {[]}
","The date  on which the practitioner was born","The date of birth for the practitioner.","","Needed for identification.","","","","","","","",,,,,"",,,,"Practitioner.birthDate",0,1,"","ele-1:All FHIR elements must have a @value or children {hasValue() or (children().count() > id.count())}
","STF-6","./birthTime","(not represented in ServD)"
"Practitioner.photo","","","",0,*,"","","","Attachment {[]} {[]}
","Image of the person","Image of the person.","","Many EHR systems have the capability to capture an image of patients and personnel. Fits with newer social media usage too.","","","","","","","",,,,,"",,,,"Practitioner.photo",0,*,"","ele-1:All FHIR elements must have a @value or children {hasValue() or (children().count() > id.count())}
","./subjectOf/ObservationEvent[code=""photo""]/value","./ImageURI (only supports the URI reference)"
"Practitioner.qualification","","","",0,*,"","","","BackboneElement {[]} {[]}
","Certification, licenses, or training pertaining to the provision of care","The official certifications, training, and licenses that authorize or otherwise pertain to the provision of care by the practitioner.  For example, a medical license issued by a medical board authorizing the practitioner to practice medicine within a certian locality.","","","","","","","","","",,,,,"",,,,"Practitioner.qualification",0,*,"","ele-1:All FHIR elements must have a @value or children {hasValue() or (children().count() > id.count())}
","CER?",".playingEntity.playingRole[classCode=QUAL].code","./Qualifications"
"Practitioner.qualification.id","","","",0,1,"","","","string {[]} {[]}
","Unique id for inter-element referencing","Unique id for the element within a resource (for internal references). This may be any string value that does not contain spaces.","","","","","","","","","",,,,,"",,,,"Element.id",0,1,"","","n/a"
"Practitioner.qualification.extension","","extensions
user content","",0,*,"","","","Extension {[]} {[]}
","Additional content defined by implementations","May be used to represent additional information that is not part of the basic definition of the element. To make the use of extensions safe and manageable, there is a strict set of governance  applied to the definition and use of extensions. Though any implementer can define an extension, there is a set of requirements that SHALL be met as part of the definition of the extension.","There can be no stigma associated with the use of extensions by any application, project, or standard - regardless of the institution or jurisdiction that uses or defines the extensions.  The use of extensions is what allows the FHIR specification to retain a core level of simplicity for everyone.","","","","","","","","",,,,,"",,,,"Element.extension",0,*,"","ele-1:All FHIR elements must have a @value or children {hasValue() or (children().count() > id.count())}
ext-1:Must have either extensions or value[x], not both {extension.exists() != value.exists()}","n/a"
"Practitioner.qualification.modifierExtension","","extensions
user contentmodifiers","",0,*,"","Y","Y","Extension {[]} {[]}
","Extensions that cannot be ignored even if unrecognized","May be used to represent additional information that is not part of the basic definition of the element and that modifies the understanding of the element in which it is contained and/or the understanding of the containing element's descendants. Usually modifier elements provide negation or qualification. To make the use of extensions safe and manageable, there is a strict set of governance applied to the definition and use of extensions. Though any implementer can define an extension, there is a set of requirements that SHALL be met as part of the definition of the extension. Applications processing a resource are required to check for modifier extensions.

Modifier extensions SHALL NOT change the meaning of any elements on Resource or DomainResource (including cannot change the meaning of modifierExtension itself).","There can be no stigma associated with the use of extensions by any application, project, or standard - regardless of the institution or jurisdiction that uses or defines the extensions.  The use of extensions is what allows the FHIR specification to retain a core level of simplicity for everyone.","Modifier extensions allow for extensions that *cannot* be safely ignored to be clearly distinguished from the vast majority of extensions which can be safely ignored.  This promotes interoperability by eliminating the need for implementers to prohibit the presence of extensions. For further information, see the [definition of modifier extensions](http://hl7.org/fhir/R4/extensibility.html#modifierExtension).","","","","","","","",,,,,"",,,,"BackboneElement.modifierExtension",0,*,"","ele-1:All FHIR elements must have a @value or children {hasValue() or (children().count() > id.count())}
ext-1:Must have either extensions or value[x], not both {extension.exists() != value.exists()}","N/A"
"Practitioner.qualification.identifier","","","",0,*,"","","","Identifier {[]} {[]}
","An identifier for this qualification for the practitioner","An identifier that applies to this person's qualification in this role.","","Often, specific identities are assigned for the qualification.","","","","","","","",,,,,"",,,,"Practitioner.qualification.identifier",0,*,"","ele-1:All FHIR elements must have a @value or children {hasValue() or (children().count() > id.count())}
",".playingEntity.playingRole[classCode=QUAL].id"
"Practitioner.qualification.code","","","",1,1,"","","","CodeableConcept {[]} {[]}
","Coded representation of the qualification","Coded representation of the qualification.","","","","","","","","","",,"example","Specific qualification the practitioner has to provide a service.","http://terminology.hl7.org/ValueSet/v2-2.7-0360","",,,,"Practitioner.qualification.code",1,1,"","ele-1:All FHIR elements must have a @value or children {hasValue() or (children().count() > id.count())}
",".playingEntity.playingRole[classCode=QUAL].code","./Qualifications.Value"
"Practitioner.qualification.period","","","",0,1,"","","","Period {[]} {[]}
","Period during which the qualification is valid","Period during which the qualification is valid.","","Qualifications are often for a limited period of time, and can be revoked.","","","","","","","",,,,,"",,,,"Practitioner.qualification.period",0,1,"","ele-1:All FHIR elements must have a @value or children {hasValue() or (children().count() > id.count())}
",".playingEntity.playingRole[classCode=QUAL].effectiveTime","./Qualifications.StartDate and ./Qualifications.EndDate"
"Practitioner.qualification.issuer","","","",0,1,"","","","Reference {[]} {[CanonicalType[http://hl7.org/fhir/StructureDefinition/Organization]]}
","Organization that regulates and issues the qualification","Organization that regulates and issues the qualification.","","","","","","","","","",,,,,"",,,,"Practitioner.qualification.issuer",0,1,"","ele-1:All FHIR elements must have a @value or children {hasValue() or (children().count() > id.count())}
",".playingEntity.playingRole[classCode=QUAL].scoper"
"Practitioner.communication","","","",0,*,"","","","CodeableConcept {[]} {[]}
","A language the practitioner can use in patient communication","A language the practitioner can use in patient communication.","The structure aa-BB with this exact casing is one the most widely used notations for locale. However not all systems code this but instead have it as free text. Hence CodeableConcept instead of code as the data type.","Knowing which language a practitioner speaks can help in facilitating communication with patients.","","","","","","","",,"preferred","A human language.","http://hl7.org/fhir/ValueSet/languages","",,,,"Practitioner.communication",0,*,"","ele-1:All FHIR elements must have a @value or children {hasValue() or (children().count() > id.count())}
","PID-15, NK1-20, LAN-2","./languageCommunication","./Languages.LanguageSpokenCode"
