{
  "resourceType" : "Bundle",
  "id" : "6a11b86c-0881-474e-affc-09ec1abb4be7",
  "meta" : {
    "lastUpdated" : "2022-01-05T14:53:01.866+00:00"
  },
  "type" : "collection",
  "entry" : [{
    "fullUrl" : "https://www.charite.de/fhir/medikationsplan/ValueSet/einnahmezeitpunkte-v3-TimingEvent",
    "resource" : {
      "resourceType" : "ValueSet",
      "id" : "mp4p-einnahmezeitpunkte-v3",
      "meta" : {
        "profile" : ["http://hl7.org/fhir/StructureDefinition/shareablevalueset"]
      },
      "text" : {
        "status" : "generated",
        "div" : "<div xmlns=\"http://www.w3.org/1999/xhtml\"><p>This value set contains 4 concepts</p><p style=\"border: black 1px dotted; background-color: #EEEEEE; padding: 8px; margin-bottom: 8px\">Expansion based on <a href=\"http://terminology.hl7.org/3.0.0/CodeSystem-v3-TimingEvent.html\">TimingEvent v2.0.0 (CodeSystem)</a></p><p>All codes in this table are from the system <a href=\"http://terminology.hl7.org/3.0.0/CodeSystem-v3-TimingEvent.html\"><code>http://terminology.hl7.org/CodeSystem/v3-TimingEvent</code></a></p><table class=\"codes\"><tr><td style=\"white-space:nowrap\"><b>Code</b></td><td><b>Display</b></td><td><b>Definition</b></td></tr><tr><td style=\"white-space:nowrap\"><a name=\"http---terminology.hl7.org-CodeSystem-v3-TimingEvent-CM\"> </a><a href=\"http://terminology.hl7.org/3.0.0/CodeSystem-v3-TimingEvent.html#v3-TimingEvent-CM\">CM</a></td><td>Morgens</td><td>**Description:** breakfast (from lat. cibus matutinus)</td></tr><tr><td style=\"white-space:nowrap\"><a name=\"http---terminology.hl7.org-CodeSystem-v3-TimingEvent-CD\"> </a><a href=\"http://terminology.hl7.org/3.0.0/CodeSystem-v3-TimingEvent.html#v3-TimingEvent-CD\">CD</a></td><td>Mittags</td><td>**Description:** lunch (from lat. cibus diurnus)</td></tr><tr><td style=\"white-space:nowrap\"><a name=\"http---terminology.hl7.org-CodeSystem-v3-TimingEvent-CV\"> </a><a href=\"http://terminology.hl7.org/3.0.0/CodeSystem-v3-TimingEvent.html#v3-TimingEvent-CV\">CV</a></td><td>Abends</td><td>**Description:** dinner (from lat. cibus vespertinus)</td></tr><tr><td style=\"white-space:nowrap\"><a name=\"http---terminology.hl7.org-CodeSystem-v3-TimingEvent-HS\"> </a><a href=\"http://terminology.hl7.org/3.0.0/CodeSystem-v3-TimingEvent.html#v3-TimingEvent-HS\">HS</a></td><td>zur Nacht</td><td>**Description:** Prior to beginning a regular period of extended sleep (this would exclude naps). Note that this might occur at different times of day depending on a person's regular sleep schedule.</td></tr></table></div>"
      },
      "url" : "https://www.charite.de/fhir/medikationsplan/ValueSet/einnahmezeitpunkte-v3-TimingEvent",
      "version" : "0.1.0",
      "name" : "EinnahmezeitpunkteV3",
      "title" : "Einnahmezeitpunkte v3 TimingEvent",
      "status" : "draft",
      "experimental" : true,
      "date" : "2021-05-07",
      "publisher" : "BIH@Charité",
      "contact" : [{
        "name" : "BIH@Charité",
        "telecom" : [{
          "system" : "url",
          "value" : "https://www.bihealth.org/en/research/core-facilities/interoperability/"
        }]
      }],
      "description" : "ValueSet zur Codierung von Einnahmezeitpunkten aus v3 CodeSystem TimingEvent.",
      "expansion" : {
        "identifier" : "urn:uuid:93ac14c6-8b17-4109-821f-c4fc32090fdd",
        "timestamp" : "2022-01-05T14:53:35+00:00",
        "total" : 4,
        "parameter" : [{
          "name" : "excludeNested",
          "valueBoolean" : false
        },
        {
          "name" : "version",
          "valueUri" : "http://terminology.hl7.org/CodeSystem/v3-TimingEvent|2.0.0"
        }],
        "contains" : [{
          "system" : "http://terminology.hl7.org/CodeSystem/v3-TimingEvent",
          "code" : "CM",
          "display" : "Morgens"
        },
        {
          "system" : "http://terminology.hl7.org/CodeSystem/v3-TimingEvent",
          "code" : "CD",
          "display" : "Mittags"
        },
        {
          "system" : "http://terminology.hl7.org/CodeSystem/v3-TimingEvent",
          "code" : "CV",
          "display" : "Abends"
        },
        {
          "system" : "http://terminology.hl7.org/CodeSystem/v3-TimingEvent",
          "code" : "HS",
          "display" : "zur Nacht"
        }]
      }
    }
  },
  {
    "fullUrl" : "https://www.charite.de/fhir/medikationsplan/ValueSet/kbv/s-bmp-zwischenueberschrift",
    "resource" : {
      "resourceType" : "ValueSet",
      "id" : "mp-kbv-s-bmp-zwischenueberschrift-vs",
      "text" : {
        "status" : "generated",
        "div" : "<div xmlns=\"http://www.w3.org/1999/xhtml\"><p>This value set contains 13 concepts</p><p style=\"border: black 1px dotted; background-color: #EEEEEE; padding: 8px; margin-bottom: 8px\">Expansion based on <a href=\"CodeSystem-mp-kbv-s-bmp-zwischenueberschrift-cs.html\">KBV_BMP_Zwischenueberschrift_CS v0.1.0 (CodeSystem)</a></p><p>All codes in this table are from the system <a href=\"CodeSystem-mp-kbv-s-bmp-zwischenueberschrift-cs.html\"><code>https://www.charite.de/fhir/medikationsplan/CodeSystem/kbv/s-bmp-zwischenueberschrift</code></a></p><table class=\"codes\"><tr><td style=\"white-space:nowrap\"><b>Code</b></td><td><b>Display</b></td><td><b>Definition</b></td></tr><tr><td style=\"white-space:nowrap\"><a name=\"https---www.charite.de-fhir-medikationsplan-CodeSystem-kbv-s-bmp-zwischenueberschrift-411\"> </a><a href=\"CodeSystem-mp-kbv-s-bmp-zwischenueberschrift-cs.html#mp-kbv-s-bmp-zwischenueberschrift-cs-411\">411</a></td><td>Bedarfsmedikation</td><td/></tr><tr><td style=\"white-space:nowrap\"><a name=\"https---www.charite.de-fhir-medikationsplan-CodeSystem-kbv-s-bmp-zwischenueberschrift-412\"> </a><a href=\"CodeSystem-mp-kbv-s-bmp-zwischenueberschrift-cs.html#mp-kbv-s-bmp-zwischenueberschrift-cs-412\">412</a></td><td>Dauermedikation</td><td/></tr><tr><td style=\"white-space:nowrap\"><a name=\"https---www.charite.de-fhir-medikationsplan-CodeSystem-kbv-s-bmp-zwischenueberschrift-413\"> </a><a href=\"CodeSystem-mp-kbv-s-bmp-zwischenueberschrift-cs.html#mp-kbv-s-bmp-zwischenueberschrift-cs-413\">413</a></td><td>Intramuskuläre Anwendung</td><td/></tr><tr><td style=\"white-space:nowrap\"><a name=\"https---www.charite.de-fhir-medikationsplan-CodeSystem-kbv-s-bmp-zwischenueberschrift-414\"> </a><a href=\"CodeSystem-mp-kbv-s-bmp-zwischenueberschrift-cs.html#mp-kbv-s-bmp-zwischenueberschrift-cs-414\">414</a></td><td>Besondere Anwendung</td><td/></tr><tr><td style=\"white-space:nowrap\"><a name=\"https---www.charite.de-fhir-medikationsplan-CodeSystem-kbv-s-bmp-zwischenueberschrift-415\"> </a><a href=\"CodeSystem-mp-kbv-s-bmp-zwischenueberschrift-cs.html#mp-kbv-s-bmp-zwischenueberschrift-cs-415\">415</a></td><td>Intravenöse Anwendung</td><td/></tr><tr><td style=\"white-space:nowrap\"><a name=\"https---www.charite.de-fhir-medikationsplan-CodeSystem-kbv-s-bmp-zwischenueberschrift-416\"> </a><a href=\"CodeSystem-mp-kbv-s-bmp-zwischenueberschrift-cs.html#mp-kbv-s-bmp-zwischenueberschrift-cs-416\">416</a></td><td>Anwendung unter die Haut</td><td/></tr><tr><td style=\"white-space:nowrap\"><a name=\"https---www.charite.de-fhir-medikationsplan-CodeSystem-kbv-s-bmp-zwischenueberschrift-417\"> </a><a href=\"CodeSystem-mp-kbv-s-bmp-zwischenueberschrift-cs.html#mp-kbv-s-bmp-zwischenueberschrift-cs-417\">417</a></td><td>Fertigspritze</td><td/></tr><tr><td style=\"white-space:nowrap\"><a name=\"https---www.charite.de-fhir-medikationsplan-CodeSystem-kbv-s-bmp-zwischenueberschrift-418\"> </a><a href=\"CodeSystem-mp-kbv-s-bmp-zwischenueberschrift-cs.html#mp-kbv-s-bmp-zwischenueberschrift-cs-418\">418</a></td><td>Selbstmedikation</td><td/></tr><tr><td style=\"white-space:nowrap\"><a name=\"https---www.charite.de-fhir-medikationsplan-CodeSystem-kbv-s-bmp-zwischenueberschrift-419\"> </a><a href=\"CodeSystem-mp-kbv-s-bmp-zwischenueberschrift-cs.html#mp-kbv-s-bmp-zwischenueberschrift-cs-419\">419</a></td><td>Allergiehinweise</td><td/></tr><tr><td style=\"white-space:nowrap\"><a name=\"https---www.charite.de-fhir-medikationsplan-CodeSystem-kbv-s-bmp-zwischenueberschrift-421\"> </a><a href=\"CodeSystem-mp-kbv-s-bmp-zwischenueberschrift-cs.html#mp-kbv-s-bmp-zwischenueberschrift-cs-421\">421</a></td><td>Wichtige Hinweise</td><td/></tr><tr><td style=\"white-space:nowrap\"><a name=\"https---www.charite.de-fhir-medikationsplan-CodeSystem-kbv-s-bmp-zwischenueberschrift-422\"> </a><a href=\"CodeSystem-mp-kbv-s-bmp-zwischenueberschrift-cs.html#mp-kbv-s-bmp-zwischenueberschrift-cs-422\">422</a></td><td>Wichtige Angaben</td><td/></tr><tr><td style=\"white-space:nowrap\"><a name=\"https---www.charite.de-fhir-medikationsplan-CodeSystem-kbv-s-bmp-zwischenueberschrift-423\"> </a><a href=\"CodeSystem-mp-kbv-s-bmp-zwischenueberschrift-cs.html#mp-kbv-s-bmp-zwischenueberschrift-cs-423\">423</a></td><td>zu besonderen Zeiten anzuwendende Medikamente</td><td/></tr><tr><td style=\"white-space:nowrap\"><a name=\"https---www.charite.de-fhir-medikationsplan-CodeSystem-kbv-s-bmp-zwischenueberschrift-424\"> </a><a href=\"CodeSystem-mp-kbv-s-bmp-zwischenueberschrift-cs.html#mp-kbv-s-bmp-zwischenueberschrift-cs-424\">424</a></td><td>zeitlich befristet anzuwendende Medikamente</td><td/></tr></table></div>"
      },
      "url" : "https://www.charite.de/fhir/medikationsplan/ValueSet/kbv/s-bmp-zwischenueberschrift",
      "identifier" : [{
        "system" : "urn:ietf:rfc:3986",
        "value" : "1.2.276.0.76.3.1.1.5.2.42"
      }],
      "version" : "0.1.0",
      "name" : "KBV_BMP_Zwischenueberschrift_VS",
      "status" : "draft",
      "date" : "2021-05-13",
      "publisher" : "BIH@Charité",
      "contact" : [{
        "name" : "BIH@Charité",
        "telecom" : [{
          "system" : "url",
          "value" : "https://www.bihealth.org/en/research/core-facilities/interoperability/"
        }]
      }],
      "description" : "Die Schlüsseltabelle enthält eine Liste kodierter Zwischenüberschriften, die im Rahmen der Spezifikation zum bundeseinheitlichen Medikationsplan nach § 31a SGB V zu verwenden sind (vgl. Tabelle 6 in Anlage 3 Vereinbarung BMP).",
      "expansion" : {
        "identifier" : "urn:uuid:868a55c8-ab55-47d3-aad9-ba7ae9e66f6f",
        "timestamp" : "2022-01-05T14:53:35+00:00",
        "total" : 13,
        "parameter" : [{
          "name" : "excludeNested",
          "valueBoolean" : false
        },
        {
          "name" : "version",
          "valueUri" : "https://www.charite.de/fhir/medikationsplan/CodeSystem/kbv/s-bmp-zwischenueberschrift|0.1.0"
        }],
        "contains" : [{
          "system" : "https://www.charite.de/fhir/medikationsplan/CodeSystem/kbv/s-bmp-zwischenueberschrift",
          "code" : "411",
          "display" : "Bedarfsmedikation"
        },
        {
          "system" : "https://www.charite.de/fhir/medikationsplan/CodeSystem/kbv/s-bmp-zwischenueberschrift",
          "code" : "412",
          "display" : "Dauermedikation"
        },
        {
          "system" : "https://www.charite.de/fhir/medikationsplan/CodeSystem/kbv/s-bmp-zwischenueberschrift",
          "code" : "413",
          "display" : "Intramuskuläre Anwendung"
        },
        {
          "system" : "https://www.charite.de/fhir/medikationsplan/CodeSystem/kbv/s-bmp-zwischenueberschrift",
          "code" : "414",
          "display" : "Besondere Anwendung"
        },
        {
          "system" : "https://www.charite.de/fhir/medikationsplan/CodeSystem/kbv/s-bmp-zwischenueberschrift",
          "code" : "415",
          "display" : "Intravenöse Anwendung"
        },
        {
          "system" : "https://www.charite.de/fhir/medikationsplan/CodeSystem/kbv/s-bmp-zwischenueberschrift",
          "code" : "416",
          "display" : "Anwendung unter die Haut"
        },
        {
          "system" : "https://www.charite.de/fhir/medikationsplan/CodeSystem/kbv/s-bmp-zwischenueberschrift",
          "code" : "417",
          "display" : "Fertigspritze"
        },
        {
          "system" : "https://www.charite.de/fhir/medikationsplan/CodeSystem/kbv/s-bmp-zwischenueberschrift",
          "code" : "418",
          "display" : "Selbstmedikation"
        },
        {
          "system" : "https://www.charite.de/fhir/medikationsplan/CodeSystem/kbv/s-bmp-zwischenueberschrift",
          "code" : "419",
          "display" : "Allergiehinweise"
        },
        {
          "system" : "https://www.charite.de/fhir/medikationsplan/CodeSystem/kbv/s-bmp-zwischenueberschrift",
          "code" : "421",
          "display" : "Wichtige Hinweise"
        },
        {
          "system" : "https://www.charite.de/fhir/medikationsplan/CodeSystem/kbv/s-bmp-zwischenueberschrift",
          "code" : "422",
          "display" : "Wichtige Angaben"
        },
        {
          "system" : "https://www.charite.de/fhir/medikationsplan/CodeSystem/kbv/s-bmp-zwischenueberschrift",
          "code" : "423",
          "display" : "zu besonderen Zeiten anzuwendende Medikamente"
        },
        {
          "system" : "https://www.charite.de/fhir/medikationsplan/CodeSystem/kbv/s-bmp-zwischenueberschrift",
          "code" : "424",
          "display" : "zeitlich befristet anzuwendende Medikamente"
        }]
      }
    }
  },
  {
    "fullUrl" : "https://fhir.kbv.de/ValueSet/KBV_VS_SFHIR_BMP_DOSIEREINHEIT",
    "resource" : {
      "resourceType" : "ValueSet",
      "id" : "KBV-VS-SFHIR-BMP-DOSIEREINHEIT",
      "text" : {
        "status" : "generated",
        "div" : "<div xmlns=\"http://www.w3.org/1999/xhtml\"><p>This value set contains 33 concepts</p><p style=\"border: black 1px dotted; background-color: #EEEEEE; padding: 8px; margin-bottom: 8px\">Expansion based on <a href=\"CodeSystem-KBV-CS-SFHIR-BMP-DOSIEREINHEIT.html\">KBV_CS_SFHIR_BMP_DOSIEREINHEIT v0.1.0 (CodeSystem)</a></p><p>All codes in this table are from the system <a href=\"CodeSystem-KBV-CS-SFHIR-BMP-DOSIEREINHEIT.html\"><code>https://fhir.kbv.de/CodeSystem/KBV_CS_SFHIR_BMP_DOSIEREINHEIT</code></a></p><table class=\"codes\"><tr><td style=\"white-space:nowrap\"><b>Code</b></td><td><b>Display</b></td><td><b>Definition</b></td></tr><tr><td style=\"white-space:nowrap\"><a name=\"https---fhir.kbv.de-CodeSystem-KBV-CS-SFHIR-BMP-DOSIEREINHEIT--\"> </a><a href=\"CodeSystem-KBV-CS-SFHIR-BMP-DOSIEREINHEIT.html#KBV-CS-SFHIR-BMP-DOSIEREINHEIT-.35\">#</a></td><td>Messlöffel</td><td/></tr><tr><td style=\"white-space:nowrap\"><a name=\"https---fhir.kbv.de-CodeSystem-KBV-CS-SFHIR-BMP-DOSIEREINHEIT-0\"> </a><a href=\"CodeSystem-KBV-CS-SFHIR-BMP-DOSIEREINHEIT.html#KBV-CS-SFHIR-BMP-DOSIEREINHEIT-0\">0</a></td><td>Messbecher</td><td/></tr><tr><td style=\"white-space:nowrap\"><a name=\"https---fhir.kbv.de-CodeSystem-KBV-CS-SFHIR-BMP-DOSIEREINHEIT-1\"> </a><a href=\"CodeSystem-KBV-CS-SFHIR-BMP-DOSIEREINHEIT.html#KBV-CS-SFHIR-BMP-DOSIEREINHEIT-1\">1</a></td><td>Stück</td><td/></tr><tr><td style=\"white-space:nowrap\"><a name=\"https---fhir.kbv.de-CodeSystem-KBV-CS-SFHIR-BMP-DOSIEREINHEIT-2\"> </a><a href=\"CodeSystem-KBV-CS-SFHIR-BMP-DOSIEREINHEIT.html#KBV-CS-SFHIR-BMP-DOSIEREINHEIT-2\">2</a></td><td>Pkg.</td><td/></tr><tr><td style=\"white-space:nowrap\"><a name=\"https---fhir.kbv.de-CodeSystem-KBV-CS-SFHIR-BMP-DOSIEREINHEIT-3\"> </a><a href=\"CodeSystem-KBV-CS-SFHIR-BMP-DOSIEREINHEIT.html#KBV-CS-SFHIR-BMP-DOSIEREINHEIT-3\">3</a></td><td>Flasche</td><td/></tr><tr><td style=\"white-space:nowrap\"><a name=\"https---fhir.kbv.de-CodeSystem-KBV-CS-SFHIR-BMP-DOSIEREINHEIT-4\"> </a><a href=\"CodeSystem-KBV-CS-SFHIR-BMP-DOSIEREINHEIT.html#KBV-CS-SFHIR-BMP-DOSIEREINHEIT-4\">4</a></td><td>Beutel</td><td/></tr><tr><td style=\"white-space:nowrap\"><a name=\"https---fhir.kbv.de-CodeSystem-KBV-CS-SFHIR-BMP-DOSIEREINHEIT-5\"> </a><a href=\"CodeSystem-KBV-CS-SFHIR-BMP-DOSIEREINHEIT.html#KBV-CS-SFHIR-BMP-DOSIEREINHEIT-5\">5</a></td><td>Hub</td><td/></tr><tr><td style=\"white-space:nowrap\"><a name=\"https---fhir.kbv.de-CodeSystem-KBV-CS-SFHIR-BMP-DOSIEREINHEIT-6\"> </a><a href=\"CodeSystem-KBV-CS-SFHIR-BMP-DOSIEREINHEIT.html#KBV-CS-SFHIR-BMP-DOSIEREINHEIT-6\">6</a></td><td>Tropfen</td><td/></tr><tr><td style=\"white-space:nowrap\"><a name=\"https---fhir.kbv.de-CodeSystem-KBV-CS-SFHIR-BMP-DOSIEREINHEIT-7\"> </a><a href=\"CodeSystem-KBV-CS-SFHIR-BMP-DOSIEREINHEIT.html#KBV-CS-SFHIR-BMP-DOSIEREINHEIT-7\">7</a></td><td>Teelöffel</td><td/></tr><tr><td style=\"white-space:nowrap\"><a name=\"https---fhir.kbv.de-CodeSystem-KBV-CS-SFHIR-BMP-DOSIEREINHEIT-8\"> </a><a href=\"CodeSystem-KBV-CS-SFHIR-BMP-DOSIEREINHEIT.html#KBV-CS-SFHIR-BMP-DOSIEREINHEIT-8\">8</a></td><td>Esslöffel</td><td/></tr><tr><td style=\"white-space:nowrap\"><a name=\"https---fhir.kbv.de-CodeSystem-KBV-CS-SFHIR-BMP-DOSIEREINHEIT-9\"> </a><a href=\"CodeSystem-KBV-CS-SFHIR-BMP-DOSIEREINHEIT.html#KBV-CS-SFHIR-BMP-DOSIEREINHEIT-9\">9</a></td><td>E</td><td/></tr><tr><td style=\"white-space:nowrap\"><a name=\"https---fhir.kbv.de-CodeSystem-KBV-CS-SFHIR-BMP-DOSIEREINHEIT-a\"> </a><a href=\"CodeSystem-KBV-CS-SFHIR-BMP-DOSIEREINHEIT.html#KBV-CS-SFHIR-BMP-DOSIEREINHEIT-a\">a</a></td><td>Tasse</td><td/></tr><tr><td style=\"white-space:nowrap\"><a name=\"https---fhir.kbv.de-CodeSystem-KBV-CS-SFHIR-BMP-DOSIEREINHEIT-b\"> </a><a href=\"CodeSystem-KBV-CS-SFHIR-BMP-DOSIEREINHEIT.html#KBV-CS-SFHIR-BMP-DOSIEREINHEIT-b\">b</a></td><td>Applikatorfüllung</td><td/></tr><tr><td style=\"white-space:nowrap\"><a name=\"https---fhir.kbv.de-CodeSystem-KBV-CS-SFHIR-BMP-DOSIEREINHEIT-c\"> </a><a href=\"CodeSystem-KBV-CS-SFHIR-BMP-DOSIEREINHEIT.html#KBV-CS-SFHIR-BMP-DOSIEREINHEIT-c\">c</a></td><td>Augenbadewanne</td><td/></tr><tr><td style=\"white-space:nowrap\"><a name=\"https---fhir.kbv.de-CodeSystem-KBV-CS-SFHIR-BMP-DOSIEREINHEIT-d\"> </a><a href=\"CodeSystem-KBV-CS-SFHIR-BMP-DOSIEREINHEIT.html#KBV-CS-SFHIR-BMP-DOSIEREINHEIT-d\">d</a></td><td>Dosierbriefchen</td><td/></tr><tr><td style=\"white-space:nowrap\"><a name=\"https---fhir.kbv.de-CodeSystem-KBV-CS-SFHIR-BMP-DOSIEREINHEIT-e\"> </a><a href=\"CodeSystem-KBV-CS-SFHIR-BMP-DOSIEREINHEIT.html#KBV-CS-SFHIR-BMP-DOSIEREINHEIT-e\">e</a></td><td>Dosierpipette</td><td/></tr><tr><td style=\"white-space:nowrap\"><a name=\"https---fhir.kbv.de-CodeSystem-KBV-CS-SFHIR-BMP-DOSIEREINHEIT-f\"> </a><a href=\"CodeSystem-KBV-CS-SFHIR-BMP-DOSIEREINHEIT.html#KBV-CS-SFHIR-BMP-DOSIEREINHEIT-f\">f</a></td><td>Dosierspritze</td><td/></tr><tr><td style=\"white-space:nowrap\"><a name=\"https---fhir.kbv.de-CodeSystem-KBV-CS-SFHIR-BMP-DOSIEREINHEIT-g\"> </a><a href=\"CodeSystem-KBV-CS-SFHIR-BMP-DOSIEREINHEIT.html#KBV-CS-SFHIR-BMP-DOSIEREINHEIT-g\">g</a></td><td>Einzeldosis</td><td/></tr><tr><td style=\"white-space:nowrap\"><a name=\"https---fhir.kbv.de-CodeSystem-KBV-CS-SFHIR-BMP-DOSIEREINHEIT-h\"> </a><a href=\"CodeSystem-KBV-CS-SFHIR-BMP-DOSIEREINHEIT.html#KBV-CS-SFHIR-BMP-DOSIEREINHEIT-h\">h</a></td><td>Glas</td><td/></tr><tr><td style=\"white-space:nowrap\"><a name=\"https---fhir.kbv.de-CodeSystem-KBV-CS-SFHIR-BMP-DOSIEREINHEIT-i\"> </a><a href=\"CodeSystem-KBV-CS-SFHIR-BMP-DOSIEREINHEIT.html#KBV-CS-SFHIR-BMP-DOSIEREINHEIT-i\">i</a></td><td>Likörglas</td><td/></tr><tr><td style=\"white-space:nowrap\"><a name=\"https---fhir.kbv.de-CodeSystem-KBV-CS-SFHIR-BMP-DOSIEREINHEIT-j\"> </a><a href=\"CodeSystem-KBV-CS-SFHIR-BMP-DOSIEREINHEIT.html#KBV-CS-SFHIR-BMP-DOSIEREINHEIT-j\">j</a></td><td>Messkappe</td><td/></tr><tr><td style=\"white-space:nowrap\"><a name=\"https---fhir.kbv.de-CodeSystem-KBV-CS-SFHIR-BMP-DOSIEREINHEIT-k\"> </a><a href=\"CodeSystem-KBV-CS-SFHIR-BMP-DOSIEREINHEIT.html#KBV-CS-SFHIR-BMP-DOSIEREINHEIT-k\">k</a></td><td>Messschale</td><td/></tr><tr><td style=\"white-space:nowrap\"><a name=\"https---fhir.kbv.de-CodeSystem-KBV-CS-SFHIR-BMP-DOSIEREINHEIT-l\"> </a><a href=\"CodeSystem-KBV-CS-SFHIR-BMP-DOSIEREINHEIT.html#KBV-CS-SFHIR-BMP-DOSIEREINHEIT-l\">l</a></td><td>Mio E</td><td/></tr><tr><td style=\"white-space:nowrap\"><a name=\"https---fhir.kbv.de-CodeSystem-KBV-CS-SFHIR-BMP-DOSIEREINHEIT-m\"> </a><a href=\"CodeSystem-KBV-CS-SFHIR-BMP-DOSIEREINHEIT.html#KBV-CS-SFHIR-BMP-DOSIEREINHEIT-m\">m</a></td><td>Mio IE</td><td/></tr><tr><td style=\"white-space:nowrap\"><a name=\"https---fhir.kbv.de-CodeSystem-KBV-CS-SFHIR-BMP-DOSIEREINHEIT-n\"> </a><a href=\"CodeSystem-KBV-CS-SFHIR-BMP-DOSIEREINHEIT.html#KBV-CS-SFHIR-BMP-DOSIEREINHEIT-n\">n</a></td><td>Pipettenteilstrich</td><td/></tr><tr><td style=\"white-space:nowrap\"><a name=\"https---fhir.kbv.de-CodeSystem-KBV-CS-SFHIR-BMP-DOSIEREINHEIT-o\"> </a><a href=\"CodeSystem-KBV-CS-SFHIR-BMP-DOSIEREINHEIT.html#KBV-CS-SFHIR-BMP-DOSIEREINHEIT-o\">o</a></td><td>Sprühstoß</td><td/></tr><tr><td style=\"white-space:nowrap\"><a name=\"https---fhir.kbv.de-CodeSystem-KBV-CS-SFHIR-BMP-DOSIEREINHEIT-p\"> </a><a href=\"CodeSystem-KBV-CS-SFHIR-BMP-DOSIEREINHEIT.html#KBV-CS-SFHIR-BMP-DOSIEREINHEIT-p\">p</a></td><td>IE</td><td/></tr><tr><td style=\"white-space:nowrap\"><a name=\"https---fhir.kbv.de-CodeSystem-KBV-CS-SFHIR-BMP-DOSIEREINHEIT-q\"> </a><a href=\"CodeSystem-KBV-CS-SFHIR-BMP-DOSIEREINHEIT.html#KBV-CS-SFHIR-BMP-DOSIEREINHEIT-q\">q</a></td><td>cm</td><td/></tr><tr><td style=\"white-space:nowrap\"><a name=\"https---fhir.kbv.de-CodeSystem-KBV-CS-SFHIR-BMP-DOSIEREINHEIT-r\"> </a><a href=\"CodeSystem-KBV-CS-SFHIR-BMP-DOSIEREINHEIT.html#KBV-CS-SFHIR-BMP-DOSIEREINHEIT-r\">r</a></td><td>l</td><td/></tr><tr><td style=\"white-space:nowrap\"><a name=\"https---fhir.kbv.de-CodeSystem-KBV-CS-SFHIR-BMP-DOSIEREINHEIT-s\"> </a><a href=\"CodeSystem-KBV-CS-SFHIR-BMP-DOSIEREINHEIT.html#KBV-CS-SFHIR-BMP-DOSIEREINHEIT-s\">s</a></td><td>ml</td><td/></tr><tr><td style=\"white-space:nowrap\"><a name=\"https---fhir.kbv.de-CodeSystem-KBV-CS-SFHIR-BMP-DOSIEREINHEIT-t\"> </a><a href=\"CodeSystem-KBV-CS-SFHIR-BMP-DOSIEREINHEIT.html#KBV-CS-SFHIR-BMP-DOSIEREINHEIT-t\">t</a></td><td>g</td><td/></tr><tr><td style=\"white-space:nowrap\"><a name=\"https---fhir.kbv.de-CodeSystem-KBV-CS-SFHIR-BMP-DOSIEREINHEIT-u\"> </a><a href=\"CodeSystem-KBV-CS-SFHIR-BMP-DOSIEREINHEIT.html#KBV-CS-SFHIR-BMP-DOSIEREINHEIT-u\">u</a></td><td>kg</td><td/></tr><tr><td style=\"white-space:nowrap\"><a name=\"https---fhir.kbv.de-CodeSystem-KBV-CS-SFHIR-BMP-DOSIEREINHEIT-v\"> </a><a href=\"CodeSystem-KBV-CS-SFHIR-BMP-DOSIEREINHEIT.html#KBV-CS-SFHIR-BMP-DOSIEREINHEIT-v\">v</a></td><td>mg</td><td/></tr></table></div>"
      },
      "url" : "https://fhir.kbv.de/ValueSet/KBV_VS_SFHIR_BMP_DOSIEREINHEIT",
      "version" : "0.1.0",
      "name" : "KBV_VS_SFHIR_BMP_DOSIEREINHEIT",
      "status" : "active",
      "date" : "2019-01-01",
      "publisher" : "BIH@Charité",
      "contact" : [{
        "name" : "BIH@Charité",
        "telecom" : [{
          "system" : "url",
          "value" : "https://www.bihealth.org/en/research/core-facilities/interoperability/"
        }]
      }],
      "description" : "Das Valueset enthält alle Codes aus dem Codesystem https://fhir.kbv.de/CodeSystem/KBV_CS_SFHIR_BMP_DOSIEREINHEIT",
      "copyright" : "Kassenärztliche Bundesvereinigung",
      "expansion" : {
        "identifier" : "urn:uuid:eab28325-7199-4fb3-a869-1dbdbece8eed",
        "timestamp" : "2022-01-05T14:53:35+00:00",
        "total" : 33,
        "parameter" : [{
          "name" : "excludeNested",
          "valueBoolean" : false
        },
        {
          "name" : "version",
          "valueUri" : "https://fhir.kbv.de/CodeSystem/KBV_CS_SFHIR_BMP_DOSIEREINHEIT|0.1.0"
        }],
        "contains" : [{
          "system" : "https://fhir.kbv.de/CodeSystem/KBV_CS_SFHIR_BMP_DOSIEREINHEIT",
          "code" : "#",
          "display" : "Messlöffel"
        },
        {
          "system" : "https://fhir.kbv.de/CodeSystem/KBV_CS_SFHIR_BMP_DOSIEREINHEIT",
          "code" : "0",
          "display" : "Messbecher"
        },
        {
          "system" : "https://fhir.kbv.de/CodeSystem/KBV_CS_SFHIR_BMP_DOSIEREINHEIT",
          "code" : "1",
          "display" : "Stück"
        },
        {
          "system" : "https://fhir.kbv.de/CodeSystem/KBV_CS_SFHIR_BMP_DOSIEREINHEIT",
          "code" : "2",
          "display" : "Pkg."
        },
        {
          "system" : "https://fhir.kbv.de/CodeSystem/KBV_CS_SFHIR_BMP_DOSIEREINHEIT",
          "code" : "3",
          "display" : "Flasche"
        },
        {
          "system" : "https://fhir.kbv.de/CodeSystem/KBV_CS_SFHIR_BMP_DOSIEREINHEIT",
          "code" : "4",
          "display" : "Beutel"
        },
        {
          "system" : "https://fhir.kbv.de/CodeSystem/KBV_CS_SFHIR_BMP_DOSIEREINHEIT",
          "code" : "5",
          "display" : "Hub"
        },
        {
          "system" : "https://fhir.kbv.de/CodeSystem/KBV_CS_SFHIR_BMP_DOSIEREINHEIT",
          "code" : "6",
          "display" : "Tropfen"
        },
        {
          "system" : "https://fhir.kbv.de/CodeSystem/KBV_CS_SFHIR_BMP_DOSIEREINHEIT",
          "code" : "7",
          "display" : "Teelöffel"
        },
        {
          "system" : "https://fhir.kbv.de/CodeSystem/KBV_CS_SFHIR_BMP_DOSIEREINHEIT",
          "code" : "8",
          "display" : "Esslöffel"
        },
        {
          "system" : "https://fhir.kbv.de/CodeSystem/KBV_CS_SFHIR_BMP_DOSIEREINHEIT",
          "code" : "9",
          "display" : "E"
        },
        {
          "system" : "https://fhir.kbv.de/CodeSystem/KBV_CS_SFHIR_BMP_DOSIEREINHEIT",
          "code" : "a",
          "display" : "Tasse"
        },
        {
          "system" : "https://fhir.kbv.de/CodeSystem/KBV_CS_SFHIR_BMP_DOSIEREINHEIT",
          "code" : "b",
          "display" : "Applikatorfüllung"
        },
        {
          "system" : "https://fhir.kbv.de/CodeSystem/KBV_CS_SFHIR_BMP_DOSIEREINHEIT",
          "code" : "c",
          "display" : "Augenbadewanne"
        },
        {
          "system" : "https://fhir.kbv.de/CodeSystem/KBV_CS_SFHIR_BMP_DOSIEREINHEIT",
          "code" : "d",
          "display" : "Dosierbriefchen"
        },
        {
          "system" : "https://fhir.kbv.de/CodeSystem/KBV_CS_SFHIR_BMP_DOSIEREINHEIT",
          "code" : "e",
          "display" : "Dosierpipette"
        },
        {
          "system" : "https://fhir.kbv.de/CodeSystem/KBV_CS_SFHIR_BMP_DOSIEREINHEIT",
          "code" : "f",
          "display" : "Dosierspritze"
        },
        {
          "system" : "https://fhir.kbv.de/CodeSystem/KBV_CS_SFHIR_BMP_DOSIEREINHEIT",
          "code" : "g",
          "display" : "Einzeldosis"
        },
        {
          "system" : "https://fhir.kbv.de/CodeSystem/KBV_CS_SFHIR_BMP_DOSIEREINHEIT",
          "code" : "h",
          "display" : "Glas"
        },
        {
          "system" : "https://fhir.kbv.de/CodeSystem/KBV_CS_SFHIR_BMP_DOSIEREINHEIT",
          "code" : "i",
          "display" : "Likörglas"
        },
        {
          "system" : "https://fhir.kbv.de/CodeSystem/KBV_CS_SFHIR_BMP_DOSIEREINHEIT",
          "code" : "j",
          "display" : "Messkappe"
        },
        {
          "system" : "https://fhir.kbv.de/CodeSystem/KBV_CS_SFHIR_BMP_DOSIEREINHEIT",
          "code" : "k",
          "display" : "Messschale"
        },
        {
          "system" : "https://fhir.kbv.de/CodeSystem/KBV_CS_SFHIR_BMP_DOSIEREINHEIT",
          "code" : "l",
          "display" : "Mio E"
        },
        {
          "system" : "https://fhir.kbv.de/CodeSystem/KBV_CS_SFHIR_BMP_DOSIEREINHEIT",
          "code" : "m",
          "display" : "Mio IE"
        },
        {
          "system" : "https://fhir.kbv.de/CodeSystem/KBV_CS_SFHIR_BMP_DOSIEREINHEIT",
          "code" : "n",
          "display" : "Pipettenteilstrich"
        },
        {
          "system" : "https://fhir.kbv.de/CodeSystem/KBV_CS_SFHIR_BMP_DOSIEREINHEIT",
          "code" : "o",
          "display" : "Sprühstoß"
        },
        {
          "system" : "https://fhir.kbv.de/CodeSystem/KBV_CS_SFHIR_BMP_DOSIEREINHEIT",
          "code" : "p",
          "display" : "IE"
        },
        {
          "system" : "https://fhir.kbv.de/CodeSystem/KBV_CS_SFHIR_BMP_DOSIEREINHEIT",
          "code" : "q",
          "display" : "cm"
        },
        {
          "system" : "https://fhir.kbv.de/CodeSystem/KBV_CS_SFHIR_BMP_DOSIEREINHEIT",
          "code" : "r",
          "display" : "l"
        },
        {
          "system" : "https://fhir.kbv.de/CodeSystem/KBV_CS_SFHIR_BMP_DOSIEREINHEIT",
          "code" : "s",
          "display" : "ml"
        },
        {
          "system" : "https://fhir.kbv.de/CodeSystem/KBV_CS_SFHIR_BMP_DOSIEREINHEIT",
          "code" : "t",
          "display" : "g"
        },
        {
          "system" : "https://fhir.kbv.de/CodeSystem/KBV_CS_SFHIR_BMP_DOSIEREINHEIT",
          "code" : "u",
          "display" : "kg"
        },
        {
          "system" : "https://fhir.kbv.de/CodeSystem/KBV_CS_SFHIR_BMP_DOSIEREINHEIT",
          "code" : "v",
          "display" : "mg"
        }]
      }
    }
  }]
}