<?xml version="1.0" encoding="UTF-8"?>

<Observation xmlns="http://hl7.org/fhir">
  <id value="ExampleKoerpergroesse"/>
  <meta>
    <profile value="https://www.charite.de/fhir/medikationsplan/StructureDefinition/Koerpergroesse"/>
  </meta>
  <text>
    <status value="generated"/><div xmlns="http://www.w3.org/1999/xhtml"><p><b>Generated Narrative: Observation</b><a name="ExampleKoerpergroesse"> </a></p><div style="display: inline-block; background-color: #d9e0e7; padding: 6px; margin: 4px; border: 1px solid #8da1b4; border-radius: 5px; line-height: 60%"><p style="margin-bottom: 0px">Resource Observation &quot;ExampleKoerpergroesse&quot; </p><p style="margin-bottom: 0px">Profile: <a href="StructureDefinition-mp4p-koerpergroesse.html">Körpergröße MP4+</a></p></div><p><b>status</b>: final</p><p><b>category</b>: Vital Signs <span style="background: LightGoldenRodYellow; margin: 4px; border: 1px solid khaki"> (<a href="http://terminology.hl7.org/5.0.0/CodeSystem-observation-category.html">Observation Category Codes</a>#vital-signs)</span></p><p><b>code</b>: Body height <span style="background: LightGoldenRodYellow; margin: 4px; border: 1px solid khaki"> (<a href="https://loinc.org/">LOINC</a>#8302-2)</span></p><p><b>subject</b>: <a href="Patient-ExamplePatient.html">Patient/ExamplePatient</a> &quot; SCHUMANN&quot;</p><p><b>effective</b>: 2021-11-25</p><p><b>value</b>: 168 Zentimeter<span style="background: LightGoldenRodYellow"> (Details: UCUM code cm = 'cm')</span></p></div>
  </text>
  <status value="final"/>
  <category>
    <coding>
      <system value="http://terminology.hl7.org/CodeSystem/observation-category"/>
      <code value="vital-signs"/>
    </coding>
  </category>
  <code>
    <coding>
      <system value="http://loinc.org"/>
      <code value="8302-2"/>
    </coding>
  </code>
  <subject>
    <reference value="Patient/ExamplePatient"/>
  </subject>
  <effectiveDateTime value="2021-11-25"/>
  <valueQuantity>
    <value value="168"/>
    <unit value="Zentimeter"/>
    <system value="http://unitsofmeasure.org"/>
    <code value="cm"/>
  </valueQuantity>
</Observation>