<?xml version="1.0" encoding="UTF-8"?>

<Observation xmlns="http://hl7.org/fhir">
  <id value="ExampleStatusSchwanger"/>
  <meta>
    <profile value="https://www.charite.de/fhir/medikationsplan/StructureDefinition/StatusSchwanger"/>
  </meta>
  <text>
    <status value="generated"/><div xmlns="http://www.w3.org/1999/xhtml"><p><b>Generated Narrative: Observation</b><a name="ExampleStatusSchwanger"> </a></p><div style="display: inline-block; background-color: #d9e0e7; padding: 6px; margin: 4px; border: 1px solid #8da1b4; border-radius: 5px; line-height: 60%"><p style="margin-bottom: 0px">Resource Observation &quot;ExampleStatusSchwanger&quot; </p><p style="margin-bottom: 0px">Profile: <a href="StructureDefinition-mp4p-schwangerschaft.html">Status schwanger MP4+</a></p></div><p><b>status</b>: final</p><p><b>code</b>: Pregnancy status <span style="background: LightGoldenRodYellow; margin: 4px; border: 1px solid khaki"> (<a href="https://loinc.org/">LOINC</a>#82810-3)</span></p><p><b>subject</b>: <a href="Patient-ExamplePatient.html">Patient/ExamplePatient</a> &quot; SCHUMANN&quot;</p><p><b>effective</b>: 2021-11-25</p><p><b>value</b>: Pregnant <span style="background: LightGoldenRodYellow; margin: 4px; border: 1px solid khaki"> (<a href="https://loinc.org/">LOINC</a>#LA15173-0)</span></p></div>
  </text>
  <status value="final"/>
  <code>
    <coding>
      <system value="http://loinc.org"/>
      <code value="82810-3"/>
    </coding>
  </code>
  <subject>
    <reference value="Patient/ExamplePatient"/>
  </subject>
  <effectiveDateTime value="2021-11-25"/>
  <valueCodeableConcept>
    <coding>
      <system value="http://loinc.org"/>
      <code value="LA15173-0"/>
      <display value="Pregnant"/>
    </coding>
  </valueCodeableConcept>
</Observation>