<?xml version="1.0" encoding="UTF-8"?>

<Observation xmlns="http://hl7.org/fhir">
  <id value="ExampleStatusSchwanger"/>
  <meta>
    <profile value="https://www.charite.de/fhir/medikationsplan/StructureDefinition/StatusSchwanger"/>
  </meta>
  <text>
    <status value="generated"/><div xmlns="http://www.w3.org/1999/xhtml"><p><b>Generated Narrative</b></p><p></p><p><b>code</b>: <span title="Codes: {http://loinc.org 82810-3}">Pregnancy status</span></p><p><b>subject</b>: <a href="Patient-ExamplePatient.html">Generated Summary: Gesetzliche Krankenversicherung: Z234567890 (OFFICIAL); Clara Josephine Schumann (OFFICIAL)</a></p><p><b>effective</b>: 2021-11-25</p><p><b>value</b>: <span title="Codes: {http://loinc.org LA15173-0}">Pregnant</span></p></div>
  </text>
  <status value="final"/>
  <code>
    <coding>
      <system value="http://loinc.org"/>
      <code value="82810-3"/>
    </coding>
  </code>
  <subject>
    <reference value="Patient/ExamplePatient"/>
  </subject>
  <effectiveDateTime value="2021-11-25"/>
  <valueCodeableConcept>
    <coding>
      <system value="http://loinc.org"/>
      <code value="LA15173-0"/>
      <display value="Pregnant"/>
    </coding>
  </valueCodeableConcept>
</Observation>