<?xml version="1.0" encoding="UTF-8"?>

<MedicationStatement xmlns="http://hl7.org/fhir">
  <id value="ExampleMedicationStatement-2"/>
  <meta>
    <profile value="https://www.charite.de/fhir/medikationsplan/StructureDefinition/MedicationStatement"/>
  </meta>
  <text>
    <status value="generated"/><div xmlns="http://www.w3.org/1999/xhtml"><p><b>Generated Narrative: MedicationStatement</b><a name="ExampleMedicationStatement-2"> </a></p><div style="display: inline-block; background-color: #d9e0e7; padding: 6px; margin: 4px; border: 1px solid #8da1b4; border-radius: 5px; line-height: 60%"><p style="margin-bottom: 0px">Resource MedicationStatement &quot;ExampleMedicationStatement-2&quot; </p><p style="margin-bottom: 0px">Profile: <a href="StructureDefinition-mp4p-medicationstatement.html">MedicationStatement MP4+</a></p></div><p><b>status</b>: active</p><p><b>medication</b>: <a href="Medication-ExampleMedication.html">Medication/ExampleMedication</a></p><p><b>subject</b>: <a href="Patient-ExamplePatient.html">Patient/ExamplePatient</a> &quot; SCHUMANN&quot;</p><p><b>effective</b>: 2021-01-03 --&gt; (ongoing)</p><blockquote><p><b>dosage</b></p><p><b>timing</b>: Code: Noon (qualifier value)</p></blockquote></div>
  </text>
  <status value="active"/>
  <medicationReference>
    <reference value="Medication/ExampleMedication"/>
  </medicationReference>
  <subject>
    <reference value="Patient/ExamplePatient"/>
  </subject>
  <effectivePeriod>
    <start value="2021-01-03"/>
  </effectivePeriod>
  <dosage>
    <timing>
      <code>
        <coding>
          <system value="http://snomed.info/sct"/>
          <code value="71997007"/>
          <display value="Noon (qualifier value)"/>
        </coding>
        <coding>
          <system value="http://terminology.hl7.org/CodeSystem/v3-TimingEvent"/>
          <code value="CD"/>
          <display value="Mittags"/>
        </coding>
      </code>
    </timing>
    <doseAndRate>
      <doseQuantity>
        <extension url="https://www.charite.de/fhir/medikationsplan/Extension/freitext">
          <valueString value="1 Tablette"/>
        </extension>
      </doseQuantity>
    </doseAndRate>
  </dosage>
</MedicationStatement>