{
  "resourceType": "MedicationStatement",
  "id": "ExampleMedicationStatement-2",
  "meta": {
    "profile": [
      "https://www.charite.de/fhir/medikationsplan/StructureDefinition/MedicationStatement"
    ]
  },
  "text": {
    "status": "generated",
    "div": "<div xmlns=\"http://www.w3.org/1999/xhtml\"><p><b>Generated Narrative</b></p><p><b>status</b>: active</p><p><b>medication</b>: <a href=\"Medication-ExampleMedication.html\">Generated Summary: <span title=\"Codes: {http://fhir.de/CodeSystem/ifa/pzn 06312077}\">ASS 100 - 1a Pharma TAH Tabletten</span>; <span title=\"Codes: {http://standardterms.edqm.eu 10219000}, {https://fhir.kbv.de/CodeSystem/KBV_CS_SFHIR_BMP_DARREICHUNGSFORM TAB}\">Tablet</span></a></p><p><b>subject</b>: <a href=\"Patient-ExamplePatient.html\">Generated Summary: Gesetzliche Krankenversicherung: Z234567890 (OFFICIAL); Clara Josephine Schumann (OFFICIAL)</a></p><p><b>effective</b>: 2021-01-03 --&gt; (ongoing)</p></div>"
  },
  "status": "active",
  "medicationReference": {
    "reference": "Medication/ExampleMedication"
  },
  "subject": {
    "reference": "Patient/ExamplePatient"
  },
  "effectivePeriod": {
    "start": "2021-01-03"
  },
  "dosage": [
    {
      "timing": {
        "code": {
          "coding": [
            {
              "system": "http://snomed.info/sct",
              "code": "71997007",
              "display": "Noon (qualifier value)"
            },
            {
              "system": "http://terminology.hl7.org/CodeSystem/v3-TimingEvent",
              "code": "CD",
              "display": "Mittags"
            }
          ]
        }
      },
      "doseAndRate": [
        {
          "doseQuantity": {
            "extension": [
              {
                "url": "https://www.charite.de/fhir/medikationsplan/Extension/freitext",
                "valueString": "1 Tablette"
              }
            ]
          }
        }
      ]
    }
  ]
}