<?xml version="1.0" encoding="UTF-8"?>

<MedicationStatement xmlns="http://hl7.org/fhir">
  <id value="ExampleMedicationStatement-2"/>
  <meta>
    <profile value="https://www.charite.de/fhir/medikationsplan/StructureDefinition/MedicationStatement"/>
  </meta>
  <text>
    <status value="generated"/><div xmlns="http://www.w3.org/1999/xhtml"><p><b>Generated Narrative</b></p><p><b>status</b>: active</p><p><b>medication</b>: <a href="Medication-ExampleMedication.html">Generated Summary: <span title="Codes: {http://fhir.de/CodeSystem/ifa/pzn 06312077}">ASS 100 - 1a Pharma TAH Tabletten</span>; <span title="Codes: {http://standardterms.edqm.eu 10219000}, {https://fhir.kbv.de/CodeSystem/KBV_CS_SFHIR_BMP_DARREICHUNGSFORM TAB}">Tablet</span></a></p><p><b>subject</b>: <a href="Patient-ExamplePatient.html">Generated Summary: Gesetzliche Krankenversicherung: Z234567890 (OFFICIAL); Clara Josephine Schumann (OFFICIAL)</a></p><p><b>effective</b>: 2021-01-03 --&gt; (ongoing)</p></div>
  </text>
  <status value="active"/>
  <medicationReference>
    <reference value="Medication/ExampleMedication"/>
  </medicationReference>
  <subject>
    <reference value="Patient/ExamplePatient"/>
  </subject>
  <effectivePeriod>
    <start value="2021-01-03"/>
  </effectivePeriod>
  <dosage>
    <timing>
      <code>
        <coding>
          <system value="http://snomed.info/sct"/>
          <code value="71997007"/>
          <display value="Noon (qualifier value)"/>
        </coding>
        <coding>
          <system value="http://terminology.hl7.org/CodeSystem/v3-TimingEvent"/>
          <code value="CD"/>
          <display value="Mittags"/>
        </coding>
      </code>
    </timing>
    <doseAndRate>
      <doseQuantity>
        <extension url="https://www.charite.de/fhir/medikationsplan/Extension/freitext">
          <valueString value="1 Tablette"/>
        </extension>
      </doseQuantity>
    </doseAndRate>
  </dosage>
</MedicationStatement>