{
  "resourceType": "Medication",
  "id": "ExampleMedication",
  "meta": {
    "profile": [
      "https://www.charite.de/fhir/medikationsplan/StructureDefinition/Medication"
    ]
  },
  "text": {
    "status": "generated",
    "div": "<div xmlns=\"http://www.w3.org/1999/xhtml\"><p><b>Generated Narrative</b></p><p><b>code</b>: <span title=\"Codes: {http://fhir.de/CodeSystem/ifa/pzn 06312077}\">ASS 100 - 1a Pharma TAH Tabletten</span></p><p><b>form</b>: <span title=\"Codes: {http://standardterms.edqm.eu 10219000}, {https://fhir.kbv.de/CodeSystem/KBV_CS_SFHIR_BMP_DARREICHUNGSFORM TAB}\">Tablet</span></p><h3>Ingredients</h3><table class=\"grid\"><tr><td>-</td><td><b>Item[x]</b></td><td><b>Strength</b></td></tr><tr><td>*</td><td><span title=\"Codes: {http://fhir.de/CodeSystem/ask 00002}\">Acetylsalicylsäure</span></td><td>100 milligram/1 Tablet</td></tr></table></div>"
  },
  "code": {
    "coding": [
      {
        "system": "http://fhir.de/CodeSystem/ifa/pzn",
        "code": "06312077",
        "display": "ASS 100 - 1a Pharma TAH Tabletten"
      }
    ]
  },
  "form": {
    "coding": [
      {
        "system": "http://standardterms.edqm.eu",
        "code": "10219000",
        "display": "Tablet"
      },
      {
        "system": "https://fhir.kbv.de/CodeSystem/KBV_CS_SFHIR_BMP_DARREICHUNGSFORM",
        "code": "TAB",
        "display": "Tabletten"
      }
    ]
  },
  "ingredient": [
    {
      "itemCodeableConcept": {
        "coding": [
          {
            "system": "http://fhir.de/CodeSystem/ask",
            "code": "00002",
            "display": "Acetylsalicylsäure"
          }
        ]
      },
      "strength": {
        "numerator": {
          "value": 100,
          "unit": "milligram",
          "system": "http://unitsofmeasure.org",
          "code": "mg"
        },
        "denominator": {
          "value": 1,
          "unit": "Tablet",
          "system": "http://standardterms.edqm.eu",
          "code": "10219000"
        }
      }
    }
  ]
}