{
  "resourceType": "MedicationStatement",
  "id": "ExampleMedicationStatement-3",
  "meta": {
    "profile": [
      "https://www.charite.de/fhir/medikationsplan/StructureDefinition/MedicationStatement"
    ]
  },
  "text": {
    "status": "generated",
    "div": "<div xmlns=\"http://www.w3.org/1999/xhtml\"><p><b>Generated Narrative</b></p><p><b>status</b>: active</p><p><b>medication</b>: <a href=\"https://simplifier.net/resolve?scope=de.basisprofil.r4@1.1.0&amp;canonical=http://fhir.de/Medication/insulin\">Medication/insulin</a></p><p><b>subject</b>: <a href=\"Patient-ExamplePatient.html\">Generated Summary: Gesetzliche Krankenversicherung: Z234567890 (OFFICIAL); Clara Josephine Schumann (OFFICIAL)</a></p><p><b>effective</b>: 2017-05-02 --&gt; (ongoing)</p></div>"
  },
  "status": "active",
  "medicationReference": {
    "reference": "Medication/insulin"
  },
  "subject": {
    "reference": "Patient/ExamplePatient"
  },
  "effectivePeriod": {
    "start": "2017-05-02"
  },
  "dosage": [
    {
      "timing": {
        "code": {
          "coding": [
            {
              "system": "http://snomed.info/sct",
              "code": "73775008",
              "display": "Morning (qualifier value)"
            },
            {
              "system": "http://terminology.hl7.org/CodeSystem/v3-TimingEvent",
              "code": "CM",
              "display": "Morgens"
            }
          ]
        }
      },
      "doseAndRate": [
        {
          "doseQuantity": {
            "extension": [
              {
                "url": "https://www.charite.de/fhir/medikationsplan/Extension/freitext",
                "valueString": "10 IE"
              }
            ],
            "value": 10,
            "unit": "IE",
            "system": "https://fhir.kbv.de/CodeSystem/KBV_CS_SFHIR_BMP_DOSIEREINHEIT",
            "code": "p"
          }
        }
      ]
    },
    {
      "timing": {
        "code": {
          "coding": [
            {
              "system": "http://snomed.info/sct",
              "code": "71997007",
              "display": "Noon (qualifier value)"
            },
            {
              "system": "http://terminology.hl7.org/CodeSystem/v3-TimingEvent",
              "code": "CD",
              "display": "Mittags"
            }
          ]
        }
      },
      "doseAndRate": [
        {
          "doseQuantity": {
            "extension": [
              {
                "url": "https://www.charite.de/fhir/medikationsplan/Extension/freitext",
                "valueString": "6 IE"
              }
            ],
            "value": 6,
            "unit": "IE",
            "system": "https://fhir.kbv.de/CodeSystem/KBV_CS_SFHIR_BMP_DOSIEREINHEIT",
            "code": "p"
          }
        }
      ]
    },
    {
      "timing": {
        "code": {
          "coding": [
            {
              "system": "http://snomed.info/sct",
              "code": "3157002",
              "display": "Evening (qualifier value)"
            },
            {
              "system": "http://terminology.hl7.org/CodeSystem/v3-TimingEvent",
              "code": "CV",
              "display": "Abends"
            }
          ]
        }
      },
      "doseAndRate": [
        {
          "doseQuantity": {
            "extension": [
              {
                "url": "https://www.charite.de/fhir/medikationsplan/Extension/freitext",
                "valueString": "8 IE"
              }
            ],
            "value": 8,
            "unit": "IE",
            "system": "https://fhir.kbv.de/CodeSystem/KBV_CS_SFHIR_BMP_DOSIEREINHEIT",
            "code": "p"
          }
        }
      ]
    },
    {
      "timing": {
        "code": {
          "coding": [
            {
              "system": "http://snomed.info/sct",
              "code": "2546009",
              "display": "Night time (qualifier value)"
            },
            {
              "system": "http://terminology.hl7.org/CodeSystem/v3-TimingEvent",
              "code": "HS",
              "display": "zur Nacht"
            }
          ]
        }
      },
      "doseAndRate": [
        {
          "doseQuantity": {
            "extension": [
              {
                "url": "https://www.charite.de/fhir/medikationsplan/Extension/freitext",
                "valueString": "0 IE"
              }
            ],
            "value": 0,
            "unit": "IE",
            "system": "https://fhir.kbv.de/CodeSystem/KBV_CS_SFHIR_BMP_DOSIEREINHEIT",
            "code": "p"
          }
        }
      ]
    }
  ]
}