<?xml version="1.0" encoding="UTF-8"?>

<Observation xmlns="http://hl7.org/fhir">
  <id value="ExampleFreitext"/>
  <meta>
    <profile value="https://www.charite.de/fhir/medikationsplan/StructureDefinition/freitext"/>
  </meta>
  <text>
    <status value="generated"/><div xmlns="http://www.w3.org/1999/xhtml"><p><b>Generated Narrative: Observation</b><a name="ExampleFreitext"> </a></p><div style="display: inline-block; background-color: #d9e0e7; padding: 6px; margin: 4px; border: 1px solid #8da1b4; border-radius: 5px; line-height: 60%"><p style="margin-bottom: 0px">Resource Observation &quot;ExampleFreitext&quot; </p><p style="margin-bottom: 0px">Profile: <a href="StructureDefinition-mp4p-freitext.html">Freitext MP4+</a></p></div><p><b>status</b>: final</p><p><b>code</b>: Report comment Narrative <span style="background: LightGoldenRodYellow; margin: 4px; border: 1px solid khaki"> (<a href="https://loinc.org/">LOINC</a>#86467-8)</span></p><p><b>subject</b>: <a href="Patient-ExamplePatient.html">Patient/ExamplePatient</a> &quot; SCHUMANN&quot;</p><p><b>value</b>: Bitte messen Sie Ihren Blutdruck täglich!</p></div>
  </text>
  <status value="final"/>
  <code>
    <coding>
      <system value="http://loinc.org"/>
      <code value="86467-8"/>
    </coding>
  </code>
  <subject>
    <reference value="Patient/ExamplePatient"/>
  </subject>
  <valueString value="Bitte messen Sie Ihren Blutdruck täglich!"/>
</Observation>