<?xml version="1.0" encoding="UTF-8"?>

<Organization xmlns="http://hl7.org/fhir">
  <id value="ExampleOrganization"/>
  <meta>
    <profile value="https://www.charite.de/fhir/medikationsplan/StructureDefinition/Organization"/>
  </meta>
  <text>
    <status value="generated"/><div xmlns="http://www.w3.org/1999/xhtml"><p><b>Generated Narrative</b></p><p><b>identifier</b>: Resource identifier: 16081989 (OFFICIAL)</p></div>
  </text>
  <identifier>
    <use value="official"/>
    <type>
      <coding>
        <system value="http://terminology.hl7.org/CodeSystem/v2-0203"/>
        <code value="RI"/>
      </coding>
    </type>
    <system value="http://fhir.de/sid/bfarm/btmnr"/>
    <value value="16081989"/>
  </identifier>
</Organization>