{
  "package": "de.mp4p",
  "version": "0.1.0",
  "fhirVersion": "4.0.1",
  "extensions": [
    {
      "url": "https://www.charite.de/fhir/medikationsplan/Extension/freitext",
      "title": "Extension Freitext MP4+",
      "types": [
        "string",
        "string"
      ]
    },
    {
      "url": "https://www.charite.de/fhir/medikationsplan/Extension/medikationsplan-version",
      "title": "Extension Medikationsplan Version MP4+",
      "types": [
        "string",
        "string"
      ]
    }
  ],
  "profiles": {
    "AllergyIntolerance": [
      {
        "url": "https://www.charite.de/fhir/medikationsplan/StructureDefinition/AllergyIntolerance",
        "title": "AllergyIntolerance MP4+"
      }
    ],
    "Bundle": [
      {
        "url": "https://www.charite.de/fhir/medikationsplan/StructureDefinition/Bundle",
        "title": "Bundle MP4+"
      }
    ],
    "Composition": [
      {
        "url": "https://www.charite.de/fhir/medikationsplan/StructureDefinition/Composition",
        "title": "Composition MP4+"
      }
    ],
    "Observation": [
      {
        "url": "https://www.charite.de/fhir/medikationsplan/StructureDefinition/StatusSchwanger",
        "title": "Status schwanger MP4+"
      },
      {
        "url": "https://www.charite.de/fhir/medikationsplan/StructureDefinition/StatusStillend",
        "title": "Status stillend MP4+"
      },
      {
        "url": "https://www.charite.de/fhir/medikationsplan/StructureDefinition/freitext",
        "title": "Freitext MP4+"
      }
    ],
    "List": [
      {
        "url": "https://www.charite.de/fhir/medikationsplan/StructureDefinition/List",
        "title": "MedicationStatement List MP4+"
      }
    ],
    "Medication": [
      {
        "url": "https://www.charite.de/fhir/medikationsplan/StructureDefinition/Medication",
        "title": "Medikation MP4+"
      }
    ],
    "MedicationStatement": [
      {
        "url": "https://www.charite.de/fhir/medikationsplan/StructureDefinition/MedicationStatement",
        "title": "MedicationStatement MP4+"
      }
    ],
    "Organization": [
      {
        "url": "https://www.charite.de/fhir/medikationsplan/StructureDefinition/Organization",
        "title": "Organization MP4+"
      }
    ],
    "Patient": [
      {
        "url": "https://www.charite.de/fhir/medikationsplan/StructureDefinition/Patient",
        "title": "Patient MP4+"
      }
    ],
    "Practitioner": [
      {
        "url": "https://www.charite.de/fhir/medikationsplan/StructureDefinition/Practitioner",
        "title": "Practitioner MP4+"
      }
    ]
  },
  "usage": {
    "http://fhir.de/StructureDefinition/gender-amtlich-de": [
      "Patient.gender"
    ],
    "http://fhir.de/StructureDefinition/humanname-namenszusatz": [
      "Patient.name.family",
      "Practitioner.name.family"
    ],
    "http://hl7.org/fhir/StructureDefinition/data-absent-reason": [
      "MedicationStatement.dosage",
      "Observation.effective[x]"
    ],
    "http://hl7.org/fhir/StructureDefinition/elementdefinition-bestpractice": [
      "StructureDefinition.snapshot.element.constraint"
    ],
    "http://hl7.org/fhir/StructureDefinition/elementdefinition-bestpractice-explanation": [
      "StructureDefinition.snapshot.element.constraint"
    ],
    "http://hl7.org/fhir/StructureDefinition/elementdefinition-bindingName": [
      "StructureDefinition.snapshot.element.binding"
    ],
    "http://hl7.org/fhir/StructureDefinition/elementdefinition-isCommonBinding": [
      "StructureDefinition.snapshot.element.binding"
    ],
    "http://hl7.org/fhir/StructureDefinition/elementdefinition-maxValueSet": [
      "StructureDefinition.snapshot.element.binding"
    ],
    "http://hl7.org/fhir/StructureDefinition/elementdefinition-translatable": [
      "StructureDefinition.snapshot.element"
    ],
    "http://hl7.org/fhir/StructureDefinition/humanname-own-name": [
      "Bundle.entry.resource.name.family",
      "Patient.name.family",
      "Practitioner.name.family"
    ],
    "http://hl7.org/fhir/StructureDefinition/humanname-own-prefix": [
      "Patient.name.family",
      "Practitioner.name.family"
    ],
    "http://hl7.org/fhir/StructureDefinition/iso21090-ADXP-additionalLocator": [
      "Organization.address.line",
      "Practitioner.address.line"
    ],
    "http://hl7.org/fhir/StructureDefinition/iso21090-ADXP-houseNumber": [
      "Organization.address.line",
      "Practitioner.address.line",
      "StructureDefinition.snapshot.element.example.valueString"
    ],
    "http://hl7.org/fhir/StructureDefinition/iso21090-ADXP-postBox": [
      "Organization.address.line",
      "Practitioner.address.line"
    ],
    "http://hl7.org/fhir/StructureDefinition/iso21090-ADXP-precinct": [
      "Organization.address",
      "Practitioner.address"
    ],
    "http://hl7.org/fhir/StructureDefinition/iso21090-ADXP-streetName": [
      "Organization.address.line",
      "Practitioner.address.line",
      "StructureDefinition.snapshot.element.example.valueString"
    ],
    "http://hl7.org/fhir/StructureDefinition/iso21090-EN-qualifier": [
      "Patient.name.prefix",
      "Practitioner.name.prefix"
    ],
    "http://hl7.org/fhir/StructureDefinition/regex": [
      "StructureDefinition.snapshot.element.type"
    ],
    "http://hl7.org/fhir/StructureDefinition/structuredefinition-category": [
      "StructureDefinition"
    ],
    "http://hl7.org/fhir/StructureDefinition/structuredefinition-display-hint": [
      "StructureDefinition.snapshot.element"
    ],
    "http://hl7.org/fhir/StructureDefinition/structuredefinition-explicit-type-name": [
      "StructureDefinition.snapshot.element"
    ],
    "http://hl7.org/fhir/StructureDefinition/structuredefinition-fhir-type": [
      "StructureDefinition.snapshot.element.type"
    ],
    "http://hl7.org/fhir/StructureDefinition/structuredefinition-hierarchy": [
      "StructureDefinition.snapshot.element.type"
    ],
    "http://hl7.org/fhir/StructureDefinition/structuredefinition-normative-version": [
      "StructureDefinition.snapshot.element"
    ],
    "http://hl7.org/fhir/StructureDefinition/structuredefinition-security-category": [
      "StructureDefinition"
    ],
    "http://hl7.org/fhir/StructureDefinition/structuredefinition-standards-status": [
      "StructureDefinition.snapshot.element"
    ],
    "http://hl7.org/fhir/tools/StructureDefinition/ig-page-name": [
      "ImplementationGuide.definition.page",
      "ImplementationGuide.definition.page.page"
    ],
    "http://hl7.org/fhir/tools/StructureDefinition/ig-parameter": [
      "ImplementationGuide.definition"
    ],
    "http://hl7.org/fhir/tools/StructureDefinition/implementationguide-dependency-comment": [
      "ImplementationGuide.dependsOn"
    ],
    "http://hl7.org/fhir/tools/StructureDefinition/resource-information": [
      "ImplementationGuide.definition.resource"
    ],
    "https://www.charite.de/fhir/medikationsplan/Extension/freitext": [
      "Medication.ingredient.strength",
      "MedicationStatement.dosage.doseAndRate.doseQuantity",
      "MedicationStatement.dosage.doseAndRate.dose[x]"
    ],
    "https://www.charite.de/fhir/medikationsplan/Extension/medikationsplan-version": [
      "Bundle.entry.resource",
      "Composition"
    ]
  }
}