{"resourceType":"ImplementationGuide","id":"de.mp4p","text":{"status":"extensions","div":"<div xmlns=\"http://www.w3.org/1999/xhtml\"><h2>MP4P_DE_IG</h2><p>The official URL for this implementation guide is: </p><pre>https://www.charite.de/fhir/medikationsplan/ImplementationGuide/mp4p/ImplementationGuide/de.mp4p</pre></div>"},"url":"https://www.charite.de/fhir/medikationsplan/ImplementationGuide/mp4p/ImplementationGuide/de.mp4p","version":"0.1.0","name":"MP4P_DE_IG","title":"Medikationsplan 4 PLUS","status":"draft","date":"2022-09-05T15:28:19+00:00","publisher":"BIH@Charité","contact":[{"name":"BIH@Charité","telecom":[{"system":"url","value":"https://www.bihealth.org/en/research/core-facilities/interoperability/"}]}],"packageId":"de.mp4p","license":"CC0-1.0","fhirVersion":["4.0.1"],"dependsOn":[{"id":"de_basisprofil_r4","uri":"http://fhir.de/ImplementationGuide/basisprofil-de-r4","packageId":"de.basisprofil.r4","version":"1.1.0"},{"id":"hl7_fhir_uv_ips","uri":"http://hl7.org/fhir/uv/ips/ImplementationGuide/hl7.fhir.uv.ips","packageId":"hl7.fhir.uv.ips","version":"1.0.0"},{"id":"kbv_basis","uri":"https://simplifier.net/packages/kbv.basis","packageId":"kbv.basis","version":"1.2.0"},{"id":"kbv_mio_patientenkurzakte","uri":"https://simplifier.net/packages/kbv.mio.patientenkurzakte","packageId":"kbv.mio.patientenkurzakte","version":"1.0.0-kommentierung"}],"definition":{"extension":[{"extension":[{"url":"code","valueString":"copyrightyear"},{"url":"value","valueString":"2021+"}],"url":"http://hl7.org/fhir/tools/StructureDefinition/ig-parameter"},{"extension":[{"url":"code","valueString":"releaselabel"},{"url":"value","valueString":"ci-build"}],"url":"http://hl7.org/fhir/tools/StructureDefinition/ig-parameter"},{"extension":[{"url":"code","valueString":"path-liquid"},{"url":"value","valueString":"template/liquid"}],"url":"http://hl7.org/fhir/tools/StructureDefinition/ig-parameter"},{"extension":[{"url":"code","valueString":"path-liquid"},{"url":"value","valueString":"input/liquid"}],"url":"http://hl7.org/fhir/tools/StructureDefinition/ig-parameter"},{"extension":[{"url":"code","valueString":"path-qa"},{"url":"value","valueString":"temp/qa"}],"url":"http://hl7.org/fhir/tools/StructureDefinition/ig-parameter"},{"extension":[{"url":"code","valueString":"path-temp"},{"url":"value","valueString":"temp/pages"}],"url":"http://hl7.org/fhir/tools/StructureDefinition/ig-parameter"},{"extension":[{"url":"code","valueString":"path-output"},{"url":"value","valueString":"output"}],"url":"http://hl7.org/fhir/tools/StructureDefinition/ig-parameter"},{"extension":[{"url":"code","valueString":"path-suppressed-warnings"},{"url":"value","valueString":"input/ignoreWarnings.txt"}],"url":"http://hl7.org/fhir/tools/StructureDefinition/ig-parameter"},{"extension":[{"url":"code","valueString":"path-history"},{"url":"value","valueString":"https://www.charite.de/fhir/medikationsplan/history.html"}],"url":"http://hl7.org/fhir/tools/StructureDefinition/ig-parameter"},{"extension":[{"url":"code","valueString":"template-html"},{"url":"value","valueString":"template-page.html"}],"url":"http://hl7.org/fhir/tools/StructureDefinition/ig-parameter"},{"extension":[{"url":"code","valueString":"template-md"},{"url":"value","valueString":"template-page-md.html"}],"url":"http://hl7.org/fhir/tools/StructureDefinition/ig-parameter"},{"extension":[{"url":"code","valueString":"apply-contact"},{"url":"value","valueString":"true"}],"url":"http://hl7.org/fhir/tools/StructureDefinition/ig-parameter"},{"extension":[{"url":"code","valueString":"apply-context"},{"url":"value","valueString":"true"}],"url":"http://hl7.org/fhir/tools/StructureDefinition/ig-parameter"},{"extension":[{"url":"code","valueString":"apply-copyright"},{"url":"value","valueString":"true"}],"url":"http://hl7.org/fhir/tools/StructureDefinition/ig-parameter"},{"extension":[{"url":"code","valueString":"apply-jurisdiction"},{"url":"value","valueString":"true"}],"url":"http://hl7.org/fhir/tools/StructureDefinition/ig-parameter"},{"extension":[{"url":"code","valueString":"apply-license"},{"url":"value","valueString":"true"}],"url":"http://hl7.org/fhir/tools/StructureDefinition/ig-parameter"},{"extension":[{"url":"code","valueString":"apply-publisher"},{"url":"value","valueString":"true"}],"url":"http://hl7.org/fhir/tools/StructureDefinition/ig-parameter"},{"extension":[{"url":"code","valueString":"apply-version"},{"url":"value","valueString":"true"}],"url":"http://hl7.org/fhir/tools/StructureDefinition/ig-parameter"},{"extension":[{"url":"code","valueString":"active-tables"},{"url":"value","valueString":"true"}],"url":"http://hl7.org/fhir/tools/StructureDefinition/ig-parameter"},{"extension":[{"url":"code","valueString":"fmm-definition"},{"url":"value","valueString":"http://hl7.org/fhir/versions.html#maturity"}],"url":"http://hl7.org/fhir/tools/StructureDefinition/ig-parameter"},{"extension":[{"url":"code","valueString":"propagate-status"},{"url":"value","valueString":"true"}],"url":"http://hl7.org/fhir/tools/StructureDefinition/ig-parameter"},{"extension":[{"url":"code","valueString":"excludelogbinaryformat"},{"url":"value","valueString":"true"}],"url":"http://hl7.org/fhir/tools/StructureDefinition/ig-parameter"}],"grouping":[{"id":"-str-profile","name":"Structures: Resource Profiles","description":"These define constraints on FHIR resources for systems conforming to this implementation guide"},{"id":"-str-extension","name":"Structures: Extension Definitions","description":"These define constraints on FHIR data types for systems conforming to this implementation guide"},{"id":"-term-valueset","name":"Terminology: Value Sets","description":"These define sets of codes used by systems conforming to this implementation guide"},{"id":"-term-codesystem","name":"Terminology: Code Systems","description":"These define new code systems used by systems conforming to this implementation guide"},{"id":"-ex-example","name":"Example: Example Instances","description":"These are example instances that show what data produced and consumed by systems conforming with this implementation guide might look like"}],"resource":[{"extension":[{"url":"http://hl7.org/fhir/StructureDefinition/implementationguide-page","valueUri":"StructureDefinition-mp4p-allergyintolerance.html"}],"reference":{"reference":"StructureDefinition/mp4p-allergyintolerance"},"name":"AllergyIntolerance MP4+","description":"Allergie(n) und Unverträglichkeiten des Patienten.","exampleBoolean":false,"groupingId":"-str-profile"},{"extension":[{"url":"http://hl7.org/fhir/StructureDefinition/implementationguide-page","valueUri":"StructureDefinition-mp4p-bundle.html"}],"reference":{"reference":"StructureDefinition/mp4p-bundle"},"name":"Bundle MP4+","description":"Das Bundle bündelt alle Komponenten des Medikationsplans als Dokument.","exampleBoolean":false,"groupingId":"-str-profile"},{"extension":[{"url":"http://hl7.org/fhir/StructureDefinition/implementationguide-page","valueUri":"StructureDefinition-mp4p-composition.html"}],"reference":{"reference":"StructureDefinition/mp4p-composition"},"name":"Composition MP4+","description":"Die Composition definiert die Struktur des Medikationsplans.","exampleBoolean":false,"groupingId":"-str-profile"},{"extension":[{"url":"http://hl7.org/fhir/StructureDefinition/implementationguide-page","valueUri":"StructureDefinition-mp4p-freitext.html"}],"reference":{"reference":"StructureDefinition/mp4p-freitext"},"name":"Freitext MP4+","description":"Text ohne Bezug zu einem Medikationseintrag.","exampleBoolean":false,"groupingId":"-str-profile"},{"extension":[{"url":"http://hl7.org/fhir/StructureDefinition/implementationguide-page","valueUri":"StructureDefinition-mp4p-koerpergewicht.html"}],"reference":{"reference":"StructureDefinition/mp4p-koerpergewicht"},"name":"Körpergewicht MP4+","description":"Körpergewicht des Patienten in kg.","exampleBoolean":false,"groupingId":"-str-profile"},{"extension":[{"url":"http://hl7.org/fhir/StructureDefinition/implementationguide-page","valueUri":"StructureDefinition-mp4p-koerpergroesse.html"}],"reference":{"reference":"StructureDefinition/mp4p-koerpergroesse"},"name":"Körpergröße MP4+","description":"Körpergröße des Patienten in cm.","exampleBoolean":false,"groupingId":"-str-profile"},{"extension":[{"url":"http://hl7.org/fhir/StructureDefinition/implementationguide-page","valueUri":"StructureDefinition-mp4p-kreatinin.html"}],"reference":{"reference":"StructureDefinition/mp4p-kreatinin"},"name":"Kreatininwert MP4+","description":"Kreatininwert des Patienten in mg/dl.","exampleBoolean":false,"groupingId":"-str-profile"},{"extension":[{"url":"http://hl7.org/fhir/StructureDefinition/implementationguide-page","valueUri":"StructureDefinition-mp4p-list.html"}],"reference":{"reference":"StructureDefinition/mp4p-list"},"name":"MedicationStatement List MP4+","description":"Die Composition definiert die Struktur des Medikationsplans.","exampleBoolean":false,"groupingId":"-str-profile"},{"extension":[{"url":"http://hl7.org/fhir/StructureDefinition/implementationguide-page","valueUri":"StructureDefinition-mp4p-medikation.html"}],"reference":{"reference":"StructureDefinition/mp4p-medikation"},"name":"Medikation MP4+","description":"Dieses Profil beschreibt die Medikation.","exampleBoolean":false,"groupingId":"-str-profile"},{"extension":[{"url":"http://hl7.org/fhir/StructureDefinition/implementationguide-page","valueUri":"StructureDefinition-mp4p-medicationstatement.html"}],"reference":{"reference":"StructureDefinition/mp4p-medicationstatement"},"name":"MedicationStatement MP4+","description":"Dieses Profil beschreibt die Verordnung eines Arzneimittels.","exampleBoolean":false,"groupingId":"-str-profile"},{"extension":[{"url":"http://hl7.org/fhir/StructureDefinition/implementationguide-page","valueUri":"StructureDefinition-mp4p-organization.html"}],"reference":{"reference":"StructureDefinition/mp4p-organization"},"name":"Organization MP4+","description":"Identifikation einer Organisation","exampleBoolean":false,"groupingId":"-str-profile"},{"extension":[{"url":"http://hl7.org/fhir/StructureDefinition/implementationguide-page","valueUri":"StructureDefinition-mp4p-patient.html"}],"reference":{"reference":"StructureDefinition/mp4p-patient"},"name":"Patient MP4+","description":"Demografische und administrative Informationen zur Identifikation des Patienten","exampleBoolean":false,"groupingId":"-str-profile"},{"extension":[{"url":"http://hl7.org/fhir/StructureDefinition/implementationguide-page","valueUri":"StructureDefinition-mp4p-practitioner.html"}],"reference":{"reference":"StructureDefinition/mp4p-practitioner"},"name":"Practitioner MP4+","description":"Daten zur Identifikation des Erstellers bzw. der Erstellerin des Medikationsplans.","exampleBoolean":false,"groupingId":"-str-profile"},{"extension":[{"url":"http://hl7.org/fhir/StructureDefinition/implementationguide-page","valueUri":"StructureDefinition-mp4p-schwangerschaft.html"}],"reference":{"reference":"StructureDefinition/mp4p-schwangerschaft"},"name":"Status schwanger MP4+","description":"Information darüber, ob die Patientin aktuell schwanger ist.","exampleBoolean":false,"groupingId":"-str-profile"},{"extension":[{"url":"http://hl7.org/fhir/StructureDefinition/implementationguide-page","valueUri":"StructureDefinition-mp4p-stillend.html"}],"reference":{"reference":"StructureDefinition/mp4p-stillend"},"name":"Status stillend MP4+","description":"Information darüber, ob die Patientin aktuell stillend ist.","exampleBoolean":false,"groupingId":"-str-profile"},{"extension":[{"url":"http://hl7.org/fhir/StructureDefinition/implementationguide-page","valueUri":"StructureDefinition-mp4p-extension-freitext.html"}],"reference":{"reference":"StructureDefinition/mp4p-extension-freitext"},"name":"Extension Freitext MP4+","description":"Extension zur Freitext-Angabe der Wirkstoffmenge bzw. Stärke.","exampleBoolean":false,"groupingId":"-str-extension"},{"extension":[{"url":"http://hl7.org/fhir/StructureDefinition/implementationguide-page","valueUri":"StructureDefinition-mp4p-extension-medikationsplan-version.html"}],"reference":{"reference":"StructureDefinition/mp4p-extension-medikationsplan-version"},"name":"Extension Medikationsplan Version MP4+","description":"Extension zur Angabe der Version der zugrundeliegenden Spezifikation des Medikationsplans.","exampleBoolean":false,"groupingId":"-str-extension"},{"extension":[{"url":"http://hl7.org/fhir/StructureDefinition/implementationguide-page","valueUri":"ValueSet-mp-allergiesintolerances-alphaid.html"}],"reference":{"reference":"ValueSet/mp-allergiesintolerances-alphaid"},"name":"AllergiesIntolerancesAlphaID","description":"Allergien und Unverträglichkeiten Alpha-ID","exampleBoolean":false,"groupingId":"-term-valueset"},{"extension":[{"url":"http://hl7.org/fhir/StructureDefinition/implementationguide-page","valueUri":"ValueSet-mp4p-einnahmezeitpunkte-v3.html"}],"reference":{"reference":"ValueSet/mp4p-einnahmezeitpunkte-v3"},"name":"Einnahmezeitpunkte v3 TimingEvent","description":"ValueSet zur Codierung von Einnahmezeitpunkten aus v3 CodeSystem TimingEvent.","exampleBoolean":false,"groupingId":"-term-valueset"},{"extension":[{"url":"http://hl7.org/fhir/StructureDefinition/implementationguide-page","valueUri":"ValueSet-mp-kbv-s-bmp-zwischenueberschrift-vs.html"}],"reference":{"reference":"ValueSet/mp-kbv-s-bmp-zwischenueberschrift-vs"},"name":"KBV_BMP_Zwischenueberschrift_VS","description":"Die Schlüsseltabelle enthält eine Liste kodierter Zwischenüberschriften, die im Rahmen der Spezifikation zum bundeseinheitlichen Medikationsplan nach § 31a SGB V zu verwenden sind (vgl. Tabelle 6 in Anlage 3 Vereinbarung BMP).","exampleBoolean":false,"groupingId":"-term-valueset"},{"extension":[{"url":"http://hl7.org/fhir/StructureDefinition/implementationguide-page","valueUri":"ValueSet-KBV-VS-SFHIR-BMP-DOSIEREINHEIT.html"}],"reference":{"reference":"ValueSet/KBV-VS-SFHIR-BMP-DOSIEREINHEIT"},"name":"KBV_VS_SFHIR_BMP_DOSIEREINHEIT","description":"Das Valueset enthält alle Codes aus dem Codesystem https://fhir.kbv.de/CodeSystem/KBV_CS_SFHIR_BMP_DOSIEREINHEIT","exampleBoolean":false,"groupingId":"-term-valueset"},{"extension":[{"url":"http://hl7.org/fhir/StructureDefinition/implementationguide-page","valueUri":"CodeSystem-mp-kbv-s-bmp-zwischenueberschrift-cs.html"}],"reference":{"reference":"CodeSystem/mp-kbv-s-bmp-zwischenueberschrift-cs"},"name":"KBV_BMP_Zwischenueberschrift_CS","description":"Die Schlüsseltabelle enthält eine Liste kodierter Zwischenüberschriften, die im Rahmen der Spezifikation zum bundeseinheitlichen Medikationsplan nach § 31a SGB V zu verwenden sind (vgl. Tabelle 6 in Anlage 3 Vereinbarung BMP).","exampleBoolean":false,"groupingId":"-term-codesystem"},{"extension":[{"url":"http://hl7.org/fhir/StructureDefinition/implementationguide-page","valueUri":"CodeSystem-KBV-CS-SFHIR-BMP-DOSIEREINHEIT.html"}],"reference":{"reference":"CodeSystem/KBV-CS-SFHIR-BMP-DOSIEREINHEIT"},"name":"KBV_CS_SFHIR_BMP_DOSIEREINHEIT","description":"Die Schlüsseltabelle enthält eine Liste von kodierten Dosiereinheiten, die im Rahmen der Spezifikation zum bundeseinheitlichen Medikationsplan nach § 31a SGB V zu verwenden sind (vgl. Anhang 4 zu Anlage 3 Vereinbarung BMP). Die Spalte \"Code\" wird im Attribut \"V\", die Spalte \"Einheit Ausdruck\" im Attribut \"DN\", die Spalte  \"Bedeutung\" im Attribut \"bedeutung\" und die Spalte \"Einheit durch AM-Datenbanken unterstützt\" im Attribut \"unterstuetzt\" abgebildet.","exampleBoolean":false,"groupingId":"-term-codesystem"},{"extension":[{"url":"http://hl7.org/fhir/StructureDefinition/implementationguide-page","valueUri":"AllergyIntolerance-ExampleAllergyIntolerance.html"}],"reference":{"reference":"AllergyIntolerance/ExampleAllergyIntolerance"},"name":"ExampleAllergyIntolerance","exampleCanonical":"https://www.charite.de/fhir/medikationsplan/StructureDefinition/AllergyIntolerance","groupingId":"-ex-example"},{"extension":[{"url":"http://hl7.org/fhir/StructureDefinition/implementationguide-page","valueUri":"Bundle-ExampleBundle.html"}],"reference":{"reference":"Bundle/ExampleBundle"},"name":"ExampleBundle","exampleCanonical":"https://www.charite.de/fhir/medikationsplan/StructureDefinition/Bundle","groupingId":"-ex-example"},{"extension":[{"url":"http://hl7.org/fhir/StructureDefinition/implementationguide-page","valueUri":"Composition-ExampleComposition.html"}],"reference":{"reference":"Composition/ExampleComposition"},"name":"ExampleComposition","exampleCanonical":"https://www.charite.de/fhir/medikationsplan/StructureDefinition/Composition","groupingId":"-ex-example"},{"extension":[{"url":"http://hl7.org/fhir/StructureDefinition/implementationguide-page","valueUri":"Observation-ExampleFreitext.html"}],"reference":{"reference":"Observation/ExampleFreitext"},"name":"ExampleFreitext","exampleCanonical":"https://www.charite.de/fhir/medikationsplan/StructureDefinition/freitext","groupingId":"-ex-example"},{"extension":[{"url":"http://hl7.org/fhir/StructureDefinition/implementationguide-page","valueUri":"Observation-ExampleKoerpergewicht.html"}],"reference":{"reference":"Observation/ExampleKoerpergewicht"},"name":"ExampleKoerpergewicht","exampleCanonical":"https://www.charite.de/fhir/medikationsplan/StructureDefinition/Koerpergewicht","groupingId":"-ex-example"},{"extension":[{"url":"http://hl7.org/fhir/StructureDefinition/implementationguide-page","valueUri":"Observation-ExampleKoerpergroesse.html"}],"reference":{"reference":"Observation/ExampleKoerpergroesse"},"name":"ExampleKoerpergroesse","exampleCanonical":"https://www.charite.de/fhir/medikationsplan/StructureDefinition/Koerpergroesse","groupingId":"-ex-example"},{"extension":[{"url":"http://hl7.org/fhir/StructureDefinition/implementationguide-page","valueUri":"Observation-ExampleKreatinin.html"}],"reference":{"reference":"Observation/ExampleKreatinin"},"name":"ExampleKreatinin","exampleCanonical":"https://www.charite.de/fhir/medikationsplan/StructureDefinition/Kreatininwert","groupingId":"-ex-example"},{"extension":[{"url":"http://hl7.org/fhir/StructureDefinition/implementationguide-page","valueUri":"List-ExampleList.html"}],"reference":{"reference":"List/ExampleList"},"name":"ExampleList","exampleCanonical":"https://www.charite.de/fhir/medikationsplan/StructureDefinition/List","groupingId":"-ex-example"},{"extension":[{"url":"http://hl7.org/fhir/StructureDefinition/implementationguide-page","valueUri":"Medication-ExampleMedication.html"}],"reference":{"reference":"Medication/ExampleMedication"},"name":"ExampleMedication","exampleCanonical":"https://www.charite.de/fhir/medikationsplan/StructureDefinition/Medication","groupingId":"-ex-example"},{"extension":[{"url":"http://hl7.org/fhir/StructureDefinition/implementationguide-page","valueUri":"MedicationStatement-ExampleMedicationStatement.html"}],"reference":{"reference":"MedicationStatement/ExampleMedicationStatement"},"name":"ExampleMedicationStatement","exampleCanonical":"https://www.charite.de/fhir/medikationsplan/StructureDefinition/MedicationStatement","groupingId":"-ex-example"},{"extension":[{"url":"http://hl7.org/fhir/StructureDefinition/implementationguide-page","valueUri":"MedicationStatement-ExampleMedicationStatement-2.html"}],"reference":{"reference":"MedicationStatement/ExampleMedicationStatement-2"},"name":"ExampleMedicationStatement-2","exampleCanonical":"https://www.charite.de/fhir/medikationsplan/StructureDefinition/MedicationStatement","groupingId":"-ex-example"},{"extension":[{"url":"http://hl7.org/fhir/StructureDefinition/implementationguide-page","valueUri":"MedicationStatement-ExampleMedicationStatement-3.html"}],"reference":{"reference":"MedicationStatement/ExampleMedicationStatement-3"},"name":"ExampleMedicationStatement-3","exampleCanonical":"https://www.charite.de/fhir/medikationsplan/StructureDefinition/MedicationStatement","groupingId":"-ex-example"},{"extension":[{"url":"http://hl7.org/fhir/StructureDefinition/implementationguide-page","valueUri":"Organization-ExampleOrganization.html"}],"reference":{"reference":"Organization/ExampleOrganization"},"name":"ExampleOrganization","exampleCanonical":"https://www.charite.de/fhir/medikationsplan/StructureDefinition/Organization","groupingId":"-ex-example"},{"extension":[{"url":"http://hl7.org/fhir/StructureDefinition/implementationguide-page","valueUri":"Patient-ExamplePatient.html"}],"reference":{"reference":"Patient/ExamplePatient"},"name":"ExamplePatient","exampleCanonical":"https://www.charite.de/fhir/medikationsplan/StructureDefinition/Patient","groupingId":"-ex-example"},{"extension":[{"url":"http://hl7.org/fhir/StructureDefinition/implementationguide-page","valueUri":"Practitioner-ExamplePractitioner.html"}],"reference":{"reference":"Practitioner/ExamplePractitioner"},"name":"ExamplePractitioner","exampleCanonical":"https://www.charite.de/fhir/medikationsplan/StructureDefinition/Practitioner","groupingId":"-ex-example"},{"extension":[{"url":"http://hl7.org/fhir/StructureDefinition/implementationguide-page","valueUri":"Observation-ExampleStatusSchwanger.html"}],"reference":{"reference":"Observation/ExampleStatusSchwanger"},"name":"ExampleStatusSchwanger","exampleCanonical":"https://www.charite.de/fhir/medikationsplan/StructureDefinition/StatusSchwanger","groupingId":"-ex-example"},{"extension":[{"url":"http://hl7.org/fhir/StructureDefinition/implementationguide-page","valueUri":"Observation-ExampleStatusStillend.html"}],"reference":{"reference":"Observation/ExampleStatusStillend"},"name":"ExampleStatusStillend","exampleCanonical":"https://www.charite.de/fhir/medikationsplan/StructureDefinition/StatusStillend","groupingId":"-ex-example"}],"page":{"nameUrl":"toc.html","title":"Table of Contents","generation":"html","page":[{"nameUrl":"index.html","title":"Home","generation":"markdown"},{"nameUrl":"artifacts.html","title":"Artifacts Summary","generation":"html","page":[{"nameUrl":"StructureDefinition-mp4p-allergyintolerance.html","title":"AllergyIntolerance MP4+","generation":"generated"},{"nameUrl":"StructureDefinition-mp4p-bundle.html","title":"Bundle MP4+","generation":"generated"},{"nameUrl":"StructureDefinition-mp4p-composition.html","title":"Composition MP4+","generation":"generated"},{"nameUrl":"StructureDefinition-mp4p-freitext.html","title":"Freitext MP4+","generation":"generated"},{"nameUrl":"StructureDefinition-mp4p-koerpergewicht.html","title":"Körpergewicht MP4+","generation":"generated"},{"nameUrl":"StructureDefinition-mp4p-koerpergroesse.html","title":"Körpergröße MP4+","generation":"generated"},{"nameUrl":"StructureDefinition-mp4p-kreatinin.html","title":"Kreatininwert MP4+","generation":"generated"},{"nameUrl":"StructureDefinition-mp4p-list.html","title":"MedicationStatement List MP4+","generation":"generated"},{"nameUrl":"StructureDefinition-mp4p-medikation.html","title":"Medikation MP4+","generation":"generated"},{"nameUrl":"StructureDefinition-mp4p-medicationstatement.html","title":"MedicationStatement MP4+","generation":"generated"},{"nameUrl":"StructureDefinition-mp4p-organization.html","title":"Organization MP4+","generation":"generated"},{"nameUrl":"StructureDefinition-mp4p-patient.html","title":"Patient MP4+","generation":"generated"},{"nameUrl":"StructureDefinition-mp4p-practitioner.html","title":"Practitioner MP4+","generation":"generated"},{"nameUrl":"StructureDefinition-mp4p-schwangerschaft.html","title":"Status schwanger MP4+","generation":"generated"},{"nameUrl":"StructureDefinition-mp4p-stillend.html","title":"Status stillend MP4+","generation":"generated"},{"nameUrl":"StructureDefinition-mp4p-extension-freitext.html","title":"Extension Freitext MP4+","generation":"generated"},{"nameUrl":"StructureDefinition-mp4p-extension-medikationsplan-version.html","title":"Extension Medikationsplan Version MP4+","generation":"generated"},{"nameUrl":"ValueSet-mp-allergiesintolerances-alphaid.html","title":"AllergiesIntolerancesAlphaID","generation":"generated"},{"nameUrl":"ValueSet-mp4p-einnahmezeitpunkte-v3.html","title":"Einnahmezeitpunkte v3 TimingEvent","generation":"generated"},{"nameUrl":"ValueSet-mp-kbv-s-bmp-zwischenueberschrift-vs.html","title":"KBV_BMP_Zwischenueberschrift_VS","generation":"generated"},{"nameUrl":"ValueSet-KBV-VS-SFHIR-BMP-DOSIEREINHEIT.html","title":"KBV_VS_SFHIR_BMP_DOSIEREINHEIT","generation":"generated"},{"nameUrl":"CodeSystem-mp-kbv-s-bmp-zwischenueberschrift-cs.html","title":"KBV_BMP_Zwischenueberschrift_CS","generation":"generated"},{"nameUrl":"CodeSystem-KBV-CS-SFHIR-BMP-DOSIEREINHEIT.html","title":"KBV_CS_SFHIR_BMP_DOSIEREINHEIT","generation":"generated"},{"nameUrl":"AllergyIntolerance-ExampleAllergyIntolerance.html","title":"ExampleAllergyIntolerance","generation":"generated"},{"nameUrl":"Bundle-ExampleBundle.html","title":"ExampleBundle","generation":"generated"},{"nameUrl":"Composition-ExampleComposition.html","title":"ExampleComposition","generation":"generated"},{"nameUrl":"Observation-ExampleFreitext.html","title":"ExampleFreitext","generation":"generated"},{"nameUrl":"Observation-ExampleKoerpergewicht.html","title":"ExampleKoerpergewicht","generation":"generated"},{"nameUrl":"Observation-ExampleKoerpergroesse.html","title":"ExampleKoerpergroesse","generation":"generated"},{"nameUrl":"Observation-ExampleKreatinin.html","title":"ExampleKreatinin","generation":"generated"},{"nameUrl":"List-ExampleList.html","title":"ExampleList","generation":"generated"},{"nameUrl":"Medication-ExampleMedication.html","title":"ExampleMedication","generation":"generated"},{"nameUrl":"MedicationStatement-ExampleMedicationStatement.html","title":"ExampleMedicationStatement","generation":"generated"},{"nameUrl":"MedicationStatement-ExampleMedicationStatement-2.html","title":"ExampleMedicationStatement-2","generation":"generated"},{"nameUrl":"MedicationStatement-ExampleMedicationStatement-3.html","title":"ExampleMedicationStatement-3","generation":"generated"},{"nameUrl":"Organization-ExampleOrganization.html","title":"ExampleOrganization","generation":"generated"},{"nameUrl":"Patient-ExamplePatient.html","title":"ExamplePatient","generation":"generated"},{"nameUrl":"Practitioner-ExamplePractitioner.html","title":"ExamplePractitioner","generation":"generated"},{"nameUrl":"Observation-ExampleStatusSchwanger.html","title":"ExampleStatusSchwanger","generation":"generated"},{"nameUrl":"Observation-ExampleStatusStillend.html","title":"ExampleStatusStillend","generation":"generated"}]}]},"parameter":[{"code":"path-resource","value":"input/capabilities"},{"code":"path-resource","value":"input/examples"},{"code":"path-resource","value":"input/extensions"},{"code":"path-resource","value":"input/models"},{"code":"path-resource","value":"input/operations"},{"code":"path-resource","value":"input/profiles"},{"code":"path-resource","value":"input/resources"},{"code":"path-resource","value":"input/vocabulary"},{"code":"path-resource","value":"input/maps"},{"code":"path-resource","value":"input/testing"},{"code":"path-resource","value":"input/history"},{"code":"path-resource","value":"fsh-generated/resources"},{"code":"path-pages","value":"template/config"},{"code":"path-pages","value":"input/images"},{"code":"path-tx-cache","value":"input-cache/txcache"}]}}