{"resourceType":"ValueSet","id":"mp-kbv-s-bmp-zwischenueberschrift-vs","text":{"status":"generated","div":"<div xmlns=\"http://www.w3.org/1999/xhtml\"><ul><li>Include all codes defined in <a href=\"CodeSystem-mp-kbv-s-bmp-zwischenueberschrift-cs.html\"><code>https://www.charite.de/fhir/medikationsplan/CodeSystem/kbv/s-bmp-zwischenueberschrift</code></a></li></ul></div>"},"url":"https://www.charite.de/fhir/medikationsplan/ValueSet/kbv/s-bmp-zwischenueberschrift","identifier":[{"system":"urn:ietf:rfc:3986","value":"1.2.276.0.76.3.1.1.5.2.42"}],"version":"0.1.0","name":"KBV_BMP_Zwischenueberschrift_VS","status":"draft","date":"2021-05-13","publisher":"BIH@Charité","contact":[{"name":"BIH@Charité","telecom":[{"system":"url","value":"https://www.bihealth.org/en/research/core-facilities/interoperability/"}]}],"description":"Die Schlüsseltabelle enthält eine Liste kodierter Zwischenüberschriften, die im Rahmen der Spezifikation zum bundeseinheitlichen Medikationsplan nach § 31a SGB V zu verwenden sind (vgl. Tabelle 6 in Anlage 3 Vereinbarung BMP).","compose":{"include":[{"system":"https://www.charite.de/fhir/medikationsplan/CodeSystem/kbv/s-bmp-zwischenueberschrift"}]}}