{
  "resourceType": "AllergyIntolerance",
  "id": "AllergyIntoleranceMP4P",
  "meta": {
    "profile": [
      "https://www.charite.de/fhir/medikationsplan/StructureDefinition/AllergyIntolerance"
    ]
  },
  "text": {
    "status": "generated",
    "div": "<div xmlns=\"http://www.w3.org/1999/xhtml\"><p><b>Generated Narrative</b></p><p><b>clinicalStatus</b>: <span title=\"Codes: {http://terminology.hl7.org/CodeSystem/allergyintolerance-clinical active}\">Active</span></p><p><b>code</b>: <span title=\"Codes: {http://fhir.de/CodeSystem/bfarm/alpha-id I29215}\">Nahrungsmittelunverträglichkeit</span></p><p><b>patient</b>: <a href=\"Patient-ExamplePatient.html\">Generated Summary: Gesetzliche Krankenversicherung: Z234567890 (OFFICIAL); Clara Josephine Schumann (OFFICIAL)</a></p></div>"
  },
  "clinicalStatus": {
    "coding": [
      {
        "system": "http://terminology.hl7.org/CodeSystem/allergyintolerance-clinical",
        "code": "active"
      }
    ]
  },
  "code": {
    "coding": [
      {
        "system": "http://fhir.de/CodeSystem/bfarm/alpha-id",
        "code": "I29215",
        "display": "Nahrungsmittelunverträglichkeit"
      }
    ]
  },
  "patient": {
    "reference": "Patient/ExamplePatient"
  }
}