{
  "resourceType": "Bundle",
  "id": "ExampleBundle",
  "meta": {
    "profile": [
      "https://www.charite.de/fhir/medikationsplan/StructureDefinition/Bundle"
    ]
  },
  "identifier": {
    "system": "urn:ietf:rfc:3986",
    "value": "urn:uuid:f1addd63-aaff-4287-aa8e-e5bdc075043d"
  },
  "type": "document",
  "timestamp": "2021-11-23T13:28:17.239+01:00",
  "entry": [
    {
      "fullUrl": "Composition/ExampleComposition",
      "resource": {
        "resourceType": "Composition",
        "id": "ExampleComposition",
        "meta": {
          "profile": [
            "https://www.charite.de/fhir/medikationsplan/StructureDefinition/Composition"
          ]
        },
        "text": {
          "status": "generated",
          "div": "<div xmlns=\"http://www.w3.org/1999/xhtml\"><p><b>Generated Narrative</b></p><p><b>identifier</b>: id: urn:uuid:f1addd63-aaff-4287-aa8e-e5bdc075043d</p><p><b>status</b>: final</p><p><b>type</b>: <span title=\"Codes: {http://loinc.org 77603-9}\">Medication treatment plan.extended Document</span></p><p><b>date</b>: 2021-11-23</p><p><b>author</b>: <a href=\"#Practitioner_ExamplePractitioner\">See above (Practitioner/ExamplePractitioner)</a></p><p><b>title</b>: Medikationsplan</p></div>"
        },
        "identifier": {
          "system": "urn:ietf:rfc:3986",
          "value": "urn:uuid:f1addd63-aaff-4287-aa8e-e5bdc075043d"
        },
        "status": "final",
        "type": {
          "coding": [
            {
              "system": "http://loinc.org",
              "code": "77603-9"
            }
          ]
        },
        "subject": {
          "reference": "Patient/ExamplePatient"
        },
        "date": "2021-11-23",
        "author": [
          {
            "reference": "Practitioner/ExamplePractitioner"
          }
        ],
        "title": "Medikationsplan",
        "section": [
          {
            "code": {
              "coding": [
                {
                  "system": "http://loinc.org",
                  "code": "19009-0"
                }
              ]
            },
            "entry": [
              {
                "reference": "List/ExampleList"
              }
            ]
          }
        ]
      }
    },
    {
      "fullUrl": "List/ExampleList",
      "resource": {
        "resourceType": "List",
        "id": "ExampleList",
        "meta": {
          "profile": [
            "https://www.charite.de/fhir/medikationsplan/StructureDefinition/List"
          ]
        },
        "text": {
          "status": "generated",
          "div": "<div xmlns=\"http://www.w3.org/1999/xhtml\"><p><b>Generated Narrative</b></p><p><b>status</b>: current</p><p><b>mode</b>: snapshot</p><p><b>code</b>: <span title=\"Codes: {https://www.charite.de/fhir/medikationsplan/CodeSystem/kbv/s-bmp-zwischenueberschrift 412}\">Dauermedikation</span></p></div>"
        },
        "status": "current",
        "mode": "snapshot",
        "code": {
          "coding": [
            {
              "system": "https://www.charite.de/fhir/medikationsplan/CodeSystem/kbv/s-bmp-zwischenueberschrift",
              "code": "412",
              "display": "Dauermedikation"
            }
          ]
        }
      }
    },
    {
      "fullUrl": "Patient/ExamplePatient",
      "resource": {
        "resourceType": "Patient",
        "id": "ExamplePatient",
        "meta": {
          "profile": [
            "https://www.charite.de/fhir/medikationsplan/StructureDefinition/Patient"
          ]
        },
        "text": {
          "status": "generated",
          "div": "<div xmlns=\"http://www.w3.org/1999/xhtml\"><p><b>Generated Narrative</b></p><p><b>identifier</b>: Gesetzliche Krankenversicherung: Z234567890 (OFFICIAL)</p><p><b>name</b>: Clara Josephine Schumann (OFFICIAL)</p></div>"
        },
        "identifier": [
          {
            "use": "official",
            "type": {
              "coding": [
                {
                  "system": "http://fhir.de/CodeSystem/identifier-type-de-basis",
                  "code": "GKV"
                }
              ]
            },
            "system": "http://fhir.de/sid/gkv/kvid-10",
            "value": "Z234567890"
          }
        ],
        "name": [
          {
            "use": "official",
            "family": "Schumann",
            "_family": {
              "extension": [
                {
                  "url": "http://hl7.org/fhir/StructureDefinition/humanname-own-name",
                  "valueString": "Schumann"
                }
              ]
            },
            "given": [
              "Clara",
              "Josephine"
            ]
          }
        ]
      }
    },
    {
      "fullUrl": "Practitioner/ExamplePractitioner",
      "resource": {
        "resourceType": "Practitioner",
        "id": "ExamplePractitioner",
        "meta": {
          "profile": [
            "https://www.charite.de/fhir/medikationsplan/StructureDefinition/Practitioner"
          ]
        },
        "text": {
          "status": "generated",
          "div": "<div xmlns=\"http://www.w3.org/1999/xhtml\"><p><b>Generated Narrative</b></p><p><b>identifier</b>: Lifelong physician number: 1656304456 (OFFICIAL)</p><p><b>name</b>: Dr. Antonín Leopold Dvořák</p><p><b>telecom</b>: ph: 01234-12345, <a href=\"mailto:a.dvorak@mpraxis-rusalka.de\">a.dvorak@mpraxis-rusalka.de</a></p><p><b>address</b>: Prager Str. 9, 00035 Dumka</p><p><b>birthDate</b>: 1841-09-08</p></div>"
        },
        "identifier": [
          {
            "use": "official",
            "type": {
              "coding": [
                {
                  "system": "http://terminology.hl7.org/CodeSystem/v2-0203",
                  "code": "LANR"
                }
              ]
            },
            "system": "https://fhir.kbv.de/NamingSystem/KBV_NS_Base_ANR",
            "value": "1656304456"
          }
        ],
        "name": [
          {
            "text": "Dr. Antonín Leopold Dvořák"
          }
        ],
        "telecom": [
          {
            "system": "phone",
            "value": "01234-12345"
          },
          {
            "system": "email",
            "value": "a.dvorak@mpraxis-rusalka.de"
          }
        ],
        "address": [
          {
            "text": "Prager Str. 9, 00035 Dumka",
            "line": [
              "Prager Str. 9"
            ],
            "city": "Dumka",
            "postalCode": "00035"
          }
        ],
        "birthDate": "1841-09-08"
      }
    }
  ]
}