{
  "resourceType": "CodeSystem",
  "id": "KBV-CS-SFHIR-BMP-DOSIEREINHEIT",
  "text": {
    "status": "generated",
    "div": "<div xmlns=\"http://www.w3.org/1999/xhtml\"><p>This code system <code>https://fhir.kbv.de/CodeSystem/KBV_CS_SFHIR_BMP_DOSIEREINHEIT</code> defines the following codes:</p><table class=\"codes\"><tr><td style=\"white-space:nowrap\"><b>Code</b></td><td><b>Display</b></td></tr><tr><td style=\"white-space:nowrap\">#<a name=\"KBV-CS-SFHIR-BMP-DOSIEREINHEIT-.35\"> </a></td><td>Messlöffel</td></tr><tr><td style=\"white-space:nowrap\">0<a name=\"KBV-CS-SFHIR-BMP-DOSIEREINHEIT-0\"> </a></td><td>Messbecher</td></tr><tr><td style=\"white-space:nowrap\">1<a name=\"KBV-CS-SFHIR-BMP-DOSIEREINHEIT-1\"> </a></td><td>Stück</td></tr><tr><td style=\"white-space:nowrap\">2<a name=\"KBV-CS-SFHIR-BMP-DOSIEREINHEIT-2\"> </a></td><td>Pkg.</td></tr><tr><td style=\"white-space:nowrap\">3<a name=\"KBV-CS-SFHIR-BMP-DOSIEREINHEIT-3\"> </a></td><td>Flasche</td></tr><tr><td style=\"white-space:nowrap\">4<a name=\"KBV-CS-SFHIR-BMP-DOSIEREINHEIT-4\"> </a></td><td>Beutel</td></tr><tr><td style=\"white-space:nowrap\">5<a name=\"KBV-CS-SFHIR-BMP-DOSIEREINHEIT-5\"> </a></td><td>Hub</td></tr><tr><td style=\"white-space:nowrap\">6<a name=\"KBV-CS-SFHIR-BMP-DOSIEREINHEIT-6\"> </a></td><td>Tropfen</td></tr><tr><td style=\"white-space:nowrap\">7<a name=\"KBV-CS-SFHIR-BMP-DOSIEREINHEIT-7\"> </a></td><td>Teelöffel</td></tr><tr><td style=\"white-space:nowrap\">8<a name=\"KBV-CS-SFHIR-BMP-DOSIEREINHEIT-8\"> </a></td><td>Esslöffel</td></tr><tr><td style=\"white-space:nowrap\">9<a name=\"KBV-CS-SFHIR-BMP-DOSIEREINHEIT-9\"> </a></td><td>E</td></tr><tr><td style=\"white-space:nowrap\">a<a name=\"KBV-CS-SFHIR-BMP-DOSIEREINHEIT-a\"> </a></td><td>Tasse</td></tr><tr><td style=\"white-space:nowrap\">b<a name=\"KBV-CS-SFHIR-BMP-DOSIEREINHEIT-b\"> </a></td><td>Applikatorfüllung</td></tr><tr><td style=\"white-space:nowrap\">c<a name=\"KBV-CS-SFHIR-BMP-DOSIEREINHEIT-c\"> </a></td><td>Augenbadewanne</td></tr><tr><td style=\"white-space:nowrap\">d<a name=\"KBV-CS-SFHIR-BMP-DOSIEREINHEIT-d\"> </a></td><td>Dosierbriefchen</td></tr><tr><td style=\"white-space:nowrap\">e<a name=\"KBV-CS-SFHIR-BMP-DOSIEREINHEIT-e\"> </a></td><td>Dosierpipette</td></tr><tr><td style=\"white-space:nowrap\">f<a name=\"KBV-CS-SFHIR-BMP-DOSIEREINHEIT-f\"> </a></td><td>Dosierspritze</td></tr><tr><td style=\"white-space:nowrap\">g<a name=\"KBV-CS-SFHIR-BMP-DOSIEREINHEIT-g\"> </a></td><td>Einzeldosis</td></tr><tr><td style=\"white-space:nowrap\">h<a name=\"KBV-CS-SFHIR-BMP-DOSIEREINHEIT-h\"> </a></td><td>Glas</td></tr><tr><td style=\"white-space:nowrap\">i<a name=\"KBV-CS-SFHIR-BMP-DOSIEREINHEIT-i\"> </a></td><td>Likörglas</td></tr><tr><td style=\"white-space:nowrap\">j<a name=\"KBV-CS-SFHIR-BMP-DOSIEREINHEIT-j\"> </a></td><td>Messkappe</td></tr><tr><td style=\"white-space:nowrap\">k<a name=\"KBV-CS-SFHIR-BMP-DOSIEREINHEIT-k\"> </a></td><td>Messschale</td></tr><tr><td style=\"white-space:nowrap\">l<a name=\"KBV-CS-SFHIR-BMP-DOSIEREINHEIT-l\"> </a></td><td>Mio E</td></tr><tr><td style=\"white-space:nowrap\">m<a name=\"KBV-CS-SFHIR-BMP-DOSIEREINHEIT-m\"> </a></td><td>Mio IE</td></tr><tr><td style=\"white-space:nowrap\">n<a name=\"KBV-CS-SFHIR-BMP-DOSIEREINHEIT-n\"> </a></td><td>Pipettenteilstrich</td></tr><tr><td style=\"white-space:nowrap\">o<a name=\"KBV-CS-SFHIR-BMP-DOSIEREINHEIT-o\"> </a></td><td>Sprühstoß</td></tr><tr><td style=\"white-space:nowrap\">p<a name=\"KBV-CS-SFHIR-BMP-DOSIEREINHEIT-p\"> </a></td><td>IE</td></tr><tr><td style=\"white-space:nowrap\">q<a name=\"KBV-CS-SFHIR-BMP-DOSIEREINHEIT-q\"> </a></td><td>cm</td></tr><tr><td style=\"white-space:nowrap\">r<a name=\"KBV-CS-SFHIR-BMP-DOSIEREINHEIT-r\"> </a></td><td>l</td></tr><tr><td style=\"white-space:nowrap\">s<a name=\"KBV-CS-SFHIR-BMP-DOSIEREINHEIT-s\"> </a></td><td>ml</td></tr><tr><td style=\"white-space:nowrap\">t<a name=\"KBV-CS-SFHIR-BMP-DOSIEREINHEIT-t\"> </a></td><td>g</td></tr><tr><td style=\"white-space:nowrap\">u<a name=\"KBV-CS-SFHIR-BMP-DOSIEREINHEIT-u\"> </a></td><td>kg</td></tr><tr><td style=\"white-space:nowrap\">v<a name=\"KBV-CS-SFHIR-BMP-DOSIEREINHEIT-v\"> </a></td><td>mg</td></tr></table></div>"
  },
  "url": "https://fhir.kbv.de/CodeSystem/KBV_CS_SFHIR_BMP_DOSIEREINHEIT",
  "identifier": [
    {
      "system": "urn:ietf:rfc:3986",
      "value": "urn:oid:1.2.276.0.76.3.1.1.5.2.41"
    }
  ],
  "version": "0.1.0",
  "name": "KBV_CS_SFHIR_BMP_DOSIEREINHEIT",
  "status": "active",
  "date": "2019-01-01",
  "publisher": "BIH@Charité",
  "contact": [
    {
      "name": "BIH@Charité",
      "telecom": [
        {
          "system": "url",
          "value": "https://www.bihealth.org/en/research/core-facilities/interoperability/"
        }
      ]
    }
  ],
  "description": "Die Schlüsseltabelle enthält eine Liste von kodierten Dosiereinheiten, die im Rahmen der Spezifikation zum bundeseinheitlichen Medikationsplan nach § 31a SGB V zu verwenden sind (vgl. Anhang 4 zu Anlage 3 Vereinbarung BMP). Die Spalte \"Code\" wird im Attribut \"V\", die Spalte \"Einheit Ausdruck\" im Attribut \"DN\", die Spalte  \"Bedeutung\" im Attribut \"bedeutung\" und die Spalte \"Einheit durch AM-Datenbanken unterstützt\" im Attribut \"unterstuetzt\" abgebildet.",
  "copyright": "Kassenärztliche Bundesvereinigung",
  "caseSensitive": true,
  "content": "complete",
  "count": 33,
  "concept": [
    {
      "code": "#",
      "display": "Messlöffel",
      "property": [
        {
          "code": "unterstuetzt",
          "valueBoolean": true
        },
        {
          "code": "sortierung",
          "valueInteger": 8
        }
      ]
    },
    {
      "code": "0",
      "display": "Messbecher",
      "property": [
        {
          "code": "unterstuetzt",
          "valueBoolean": true
        },
        {
          "code": "sortierung",
          "valueInteger": 9
        }
      ]
    },
    {
      "code": "1",
      "display": "Stück",
      "property": [
        {
          "code": "unterstuetzt",
          "valueBoolean": true
        },
        {
          "code": "sortierung",
          "valueInteger": 1
        }
      ]
    },
    {
      "code": "2",
      "display": "Pkg.",
      "property": [
        {
          "code": "unterstuetzt",
          "valueBoolean": false
        },
        {
          "code": "sortierung",
          "valueInteger": 22
        }
      ]
    },
    {
      "code": "3",
      "display": "Flasche",
      "property": [
        {
          "code": "unterstuetzt",
          "valueBoolean": true
        },
        {
          "code": "sortierung",
          "valueInteger": 15
        }
      ]
    },
    {
      "code": "4",
      "display": "Beutel",
      "property": [
        {
          "code": "unterstuetzt",
          "valueBoolean": true
        },
        {
          "code": "sortierung",
          "valueInteger": 16
        }
      ]
    },
    {
      "code": "5",
      "display": "Hub",
      "property": [
        {
          "code": "unterstuetzt",
          "valueBoolean": true
        },
        {
          "code": "sortierung",
          "valueInteger": 4
        }
      ]
    },
    {
      "code": "6",
      "display": "Tropfen",
      "property": [
        {
          "code": "unterstuetzt",
          "valueBoolean": true
        },
        {
          "code": "sortierung",
          "valueInteger": 2
        }
      ]
    },
    {
      "code": "7",
      "display": "Teelöffel",
      "property": [
        {
          "code": "unterstuetzt",
          "valueBoolean": true
        },
        {
          "code": "sortierung",
          "valueInteger": 26
        }
      ]
    },
    {
      "code": "8",
      "display": "Esslöffel",
      "property": [
        {
          "code": "unterstuetzt",
          "valueBoolean": true
        },
        {
          "code": "sortierung",
          "valueInteger": 27
        }
      ]
    },
    {
      "code": "9",
      "display": "E",
      "property": [
        {
          "code": "unterstuetzt",
          "valueBoolean": true
        },
        {
          "code": "sortierung",
          "valueInteger": 13
        }
      ]
    },
    {
      "code": "a",
      "display": "Tasse",
      "property": [
        {
          "code": "unterstuetzt",
          "valueBoolean": true
        },
        {
          "code": "sortierung",
          "valueInteger": 29
        }
      ]
    },
    {
      "code": "b",
      "display": "Applikatorfüllung",
      "property": [
        {
          "code": "unterstuetzt",
          "valueBoolean": true
        },
        {
          "code": "sortierung",
          "valueInteger": 11
        }
      ]
    },
    {
      "code": "c",
      "display": "Augenbadewanne",
      "property": [
        {
          "code": "unterstuetzt",
          "valueBoolean": true
        },
        {
          "code": "sortierung",
          "valueInteger": 33
        }
      ]
    },
    {
      "code": "d",
      "display": "Dosierbriefchen",
      "property": [
        {
          "code": "unterstuetzt",
          "valueBoolean": true
        },
        {
          "code": "sortierung",
          "valueInteger": 23
        }
      ]
    },
    {
      "code": "e",
      "display": "Dosierpipette",
      "property": [
        {
          "code": "unterstuetzt",
          "valueBoolean": true
        },
        {
          "code": "sortierung",
          "valueInteger": 24
        }
      ]
    },
    {
      "code": "f",
      "display": "Dosierspritze",
      "property": [
        {
          "code": "unterstuetzt",
          "valueBoolean": true
        },
        {
          "code": "sortierung",
          "valueInteger": 25
        }
      ]
    },
    {
      "code": "g",
      "display": "Einzeldosis",
      "property": [
        {
          "code": "unterstuetzt",
          "valueBoolean": true
        },
        {
          "code": "sortierung",
          "valueInteger": 12
        }
      ]
    },
    {
      "code": "h",
      "display": "Glas",
      "property": [
        {
          "code": "unterstuetzt",
          "valueBoolean": true
        },
        {
          "code": "sortierung",
          "valueInteger": 28
        }
      ]
    },
    {
      "code": "i",
      "display": "Likörglas",
      "property": [
        {
          "code": "unterstuetzt",
          "valueBoolean": true
        },
        {
          "code": "sortierung",
          "valueInteger": 32
        }
      ]
    },
    {
      "code": "j",
      "display": "Messkappe",
      "property": [
        {
          "code": "unterstuetzt",
          "valueBoolean": true
        },
        {
          "code": "sortierung",
          "valueInteger": 30
        }
      ]
    },
    {
      "code": "k",
      "display": "Messschale",
      "property": [
        {
          "code": "unterstuetzt",
          "valueBoolean": true
        },
        {
          "code": "sortierung",
          "valueInteger": 31
        }
      ]
    },
    {
      "code": "l",
      "display": "Mio E",
      "property": [
        {
          "code": "unterstuetzt",
          "valueBoolean": true
        },
        {
          "code": "sortierung",
          "valueInteger": 17
        }
      ]
    },
    {
      "code": "m",
      "display": "Mio IE",
      "property": [
        {
          "code": "unterstuetzt",
          "valueBoolean": true
        },
        {
          "code": "sortierung",
          "valueInteger": 18
        }
      ]
    },
    {
      "code": "n",
      "display": "Pipettenteilstrich",
      "property": [
        {
          "code": "unterstuetzt",
          "valueBoolean": true
        },
        {
          "code": "sortierung",
          "valueInteger": 14
        }
      ]
    },
    {
      "code": "o",
      "display": "Sprühstoß",
      "property": [
        {
          "code": "unterstuetzt",
          "valueBoolean": true
        },
        {
          "code": "sortierung",
          "valueInteger": 5
        }
      ]
    },
    {
      "code": "p",
      "display": "IE",
      "property": [
        {
          "code": "unterstuetzt",
          "valueBoolean": true
        },
        {
          "code": "sortierung",
          "valueInteger": 3
        }
      ]
    },
    {
      "code": "q",
      "display": "cm",
      "property": [
        {
          "code": "unterstuetzt",
          "valueBoolean": true
        },
        {
          "code": "sortierung",
          "valueInteger": 7
        }
      ]
    },
    {
      "code": "r",
      "display": "l",
      "property": [
        {
          "code": "unterstuetzt",
          "valueBoolean": true
        },
        {
          "code": "sortierung",
          "valueInteger": 20
        }
      ]
    },
    {
      "code": "s",
      "display": "ml",
      "property": [
        {
          "code": "unterstuetzt",
          "valueBoolean": true
        },
        {
          "code": "sortierung",
          "valueInteger": 6
        }
      ]
    },
    {
      "code": "t",
      "display": "g",
      "property": [
        {
          "code": "unterstuetzt",
          "valueBoolean": true
        },
        {
          "code": "sortierung",
          "valueInteger": 19
        }
      ]
    },
    {
      "code": "u",
      "display": "kg",
      "property": [
        {
          "code": "unterstuetzt",
          "valueBoolean": false
        },
        {
          "code": "sortierung",
          "valueInteger": 21
        }
      ]
    },
    {
      "code": "v",
      "display": "mg",
      "property": [
        {
          "code": "unterstuetzt",
          "valueBoolean": false
        },
        {
          "code": "sortierung",
          "valueInteger": 10
        }
      ]
    }
  ]
}