{
  "resourceType": "MedicationStatement",
  "id": "ExampleMedicationStatement-2",
  "meta": {
    "profile": [
      "https://www.charite.de/fhir/medikationsplan/StructureDefinition/MedicationStatement"
    ]
  },
  "text": {
    "status": "generated",
    "div": "<div xmlns=\"http://www.w3.org/1999/xhtml\"><p><b>Generated Narrative: MedicationStatement</b><a name=\"ExampleMedicationStatement-2\"> </a></p><div style=\"display: inline-block; background-color: #d9e0e7; padding: 6px; margin: 4px; border: 1px solid #8da1b4; border-radius: 5px; line-height: 60%\"><p style=\"margin-bottom: 0px\">Resource MedicationStatement &quot;ExampleMedicationStatement-2&quot; </p><p style=\"margin-bottom: 0px\">Profile: <a href=\"StructureDefinition-mp4p-medicationstatement.html\">MedicationStatement MP4+</a></p></div><p><b>status</b>: active</p><p><b>medication</b>: <a href=\"Medication-ExampleMedication.html\">Medication/ExampleMedication</a></p><p><b>subject</b>: <a href=\"Patient-ExamplePatient.html\">Patient/ExamplePatient</a> &quot; SCHUMANN&quot;</p><p><b>effective</b>: 2021-01-03 --&gt; (ongoing)</p><blockquote><p><b>dosage</b></p><p><b>timing</b>: Code: Noon (qualifier value)</p></blockquote></div>"
  },
  "status": "active",
  "medicationReference": {
    "reference": "Medication/ExampleMedication"
  },
  "subject": {
    "reference": "Patient/ExamplePatient"
  },
  "effectivePeriod": {
    "start": "2021-01-03"
  },
  "dosage": [
    {
      "timing": {
        "code": {
          "coding": [
            {
              "system": "http://snomed.info/sct",
              "code": "71997007",
              "display": "Noon (qualifier value)"
            },
            {
              "system": "http://terminology.hl7.org/CodeSystem/v3-TimingEvent",
              "code": "CD",
              "display": "Mittags"
            }
          ]
        }
      },
      "doseAndRate": [
        {
          "doseQuantity": {
            "extension": [
              {
                "url": "https://www.charite.de/fhir/medikationsplan/Extension/freitext",
                "valueString": "1 Tablette"
              }
            ]
          }
        }
      ]
    }
  ]
}