{
  "resourceType": "Observation",
  "id": "ExampleFreitext",
  "meta": {
    "profile": [
      "https://www.charite.de/fhir/medikationsplan/StructureDefinition/freitext"
    ]
  },
  "text": {
    "status": "generated",
    "div": "<div xmlns=\"http://www.w3.org/1999/xhtml\"><p><b>Generated Narrative</b></p><p></p><p><b>code</b>: <span title=\"Codes: {http://loinc.org 86467-8}\">Report comment Narrative</span></p><p><b>subject</b>: <a href=\"Patient-ExamplePatient.html\">Generated Summary: Gesetzliche Krankenversicherung: Z234567890 (OFFICIAL); Clara Josephine Schumann (OFFICIAL)</a></p><p><b>value</b>: Bitte messen Sie Ihren Blutdruck täglich!</p></div>"
  },
  "status": "final",
  "code": {
    "coding": [
      {
        "system": "http://loinc.org",
        "code": "86467-8"
      }
    ]
  },
  "subject": {
    "reference": "Patient/ExamplePatient"
  },
  "valueString": "Bitte messen Sie Ihren Blutdruck täglich!"
}