{
  "resourceType": "Observation",
  "id": "ExampleKreatinin",
  "meta": {
    "profile": [
      "https://www.charite.de/fhir/medikationsplan/StructureDefinition/Kreatininwert"
    ]
  },
  "text": {
    "status": "generated",
    "div": "<div xmlns=\"http://www.w3.org/1999/xhtml\"><p><b>Generated Narrative: Observation</b><a name=\"ExampleKreatinin\"> </a></p><div style=\"display: inline-block; background-color: #d9e0e7; padding: 6px; margin: 4px; border: 1px solid #8da1b4; border-radius: 5px; line-height: 60%\"><p style=\"margin-bottom: 0px\">Resource Observation &quot;ExampleKreatinin&quot; </p><p style=\"margin-bottom: 0px\">Profile: <a href=\"StructureDefinition-mp4p-kreatinin.html\">Kreatininwert MP4+</a></p></div><p><b>status</b>: final</p><p><b>category</b>: Laboratory <span style=\"background: LightGoldenRodYellow; margin: 4px; border: 1px solid khaki\"> (<a href=\"http://terminology.hl7.org/5.0.0/CodeSystem-observation-category.html\">Observation Category Codes</a>#laboratory)</span></p><p><b>code</b>: Creatinine [Mass/volume] in Serum or Plasma <span style=\"background: LightGoldenRodYellow; margin: 4px; border: 1px solid khaki\"> (<a href=\"https://loinc.org/\">LOINC</a>#2160-0)</span></p><p><b>subject</b>: <a href=\"Patient-ExamplePatient.html\">Patient/ExamplePatient</a> &quot; SCHUMANN&quot;</p><p><b>effective</b>: 2021-11-25</p><p><b>value</b>: 1.1 milligram/deciLiters<span style=\"background: LightGoldenRodYellow\"> (Details: UCUM code mg/dl = 'mg/dl')</span></p></div>"
  },
  "status": "final",
  "category": [
    {
      "coding": [
        {
          "system": "http://terminology.hl7.org/CodeSystem/observation-category",
          "code": "laboratory"
        }
      ]
    }
  ],
  "code": {
    "coding": [
      {
        "system": "http://loinc.org",
        "code": "2160-0"
      }
    ]
  },
  "subject": {
    "reference": "Patient/ExamplePatient"
  },
  "effectiveDateTime": "2021-11-25",
  "valueQuantity": {
    "value": 1.1,
    "unit": "milligram/deciLiters",
    "system": "http://unitsofmeasure.org",
    "code": "mg/dl"
  }
}