{
  "resourceType": "Organization",
  "id": "ExampleOrganization",
  "meta": {
    "profile": [
      "https://www.charite.de/fhir/medikationsplan/StructureDefinition/Organization"
    ]
  },
  "text": {
    "status": "generated",
    "div": "<div xmlns=\"http://www.w3.org/1999/xhtml\"><p><b>Generated Narrative: Organization</b><a name=\"ExampleOrganization\"> </a></p><div style=\"display: inline-block; background-color: #d9e0e7; padding: 6px; margin: 4px; border: 1px solid #8da1b4; border-radius: 5px; line-height: 60%\"><p style=\"margin-bottom: 0px\">Resource Organization &quot;ExampleOrganization&quot; </p><p style=\"margin-bottom: 0px\">Profile: <a href=\"StructureDefinition-mp4p-organization.html\">Organization MP4+</a></p></div><p><b>identifier</b>: Resource identifier: 16081989 (use: OFFICIAL)</p></div>"
  },
  "identifier": [
    {
      "use": "official",
      "type": {
        "coding": [
          {
            "system": "http://terminology.hl7.org/CodeSystem/v2-0203",
            "code": "RI"
          }
        ]
      },
      "system": "http://fhir.de/sid/bfarm/btmnr",
      "value": "16081989"
    }
  ]
}