{
  "resourceType": "Practitioner",
  "id": "ExamplePractitioner",
  "meta": {
    "profile": [
      "https://www.charite.de/fhir/medikationsplan/StructureDefinition/Practitioner"
    ]
  },
  "text": {
    "status": "generated",
    "div": "<div xmlns=\"http://www.w3.org/1999/xhtml\"><p><b>Generated Narrative: Practitioner</b><a name=\"ExamplePractitioner\"> </a></p><div style=\"display: inline-block; background-color: #d9e0e7; padding: 6px; margin: 4px; border: 1px solid #8da1b4; border-radius: 5px; line-height: 60%\"><p style=\"margin-bottom: 0px\">Resource Practitioner &quot;ExamplePractitioner&quot; </p><p style=\"margin-bottom: 0px\">Profile: <a href=\"StructureDefinition-mp4p-practitioner.html\">Practitioner MP4+</a></p></div><p><b>identifier</b>: Lifelong physician number: 1656304456 (use: OFFICIAL)</p><p><b>name</b>: Dr. Antonín Leopold Dvořák</p><p><b>telecom</b>: ph: 01234-12345, <a href=\"mailto:a.dvorak@mpraxis-rusalka.de\">a.dvorak@mpraxis-rusalka.de</a></p><p><b>address</b>: Prager Str. 9, 00035 Dumka</p><p><b>birthDate</b>: 1841-09-08</p></div>"
  },
  "identifier": [
    {
      "use": "official",
      "type": {
        "coding": [
          {
            "system": "http://terminology.hl7.org/CodeSystem/v2-0203",
            "code": "LANR"
          }
        ]
      },
      "system": "https://fhir.kbv.de/NamingSystem/KBV_NS_Base_ANR",
      "value": "1656304456"
    }
  ],
  "name": [
    {
      "text": "Dr. Antonín Leopold Dvořák"
    }
  ],
  "telecom": [
    {
      "system": "phone",
      "value": "01234-12345"
    },
    {
      "system": "email",
      "value": "a.dvorak@mpraxis-rusalka.de"
    }
  ],
  "address": [
    {
      "text": "Prager Str. 9, 00035 Dumka",
      "line": [
        "Prager Str. 9"
      ],
      "city": "Dumka",
      "postalCode": "00035"
    }
  ],
  "birthDate": "1841-09-08"
}